id,domain,status,purchase_price,renewal_price,attractiveness,demand,length,registrar,created_at,expires_at,status_verified_at
3d62b267-c28e-49e1-8431-bc5b94f1a132,unexpectedly.dental,available,81.98,100.98,medium,low,12,namecheap,,,29/09/2026 03:10
05242dfd-3268-45f5-bdae-62ecfc86f4e3,billfold.dental,available,78.99,78.99,high,low,8,namesilo,,,23/09/2026 16:16
46fcc2b8-dd24-45ae-a537-d58f017c54c4,overshot.dental,available,78.99,78.99,medium,low,8,namesilo,,,04/09/2026 21:51
9e38efc5-659d-43a2-820e-235f2ba5fee8,intentions.dental,available,62.3,62.3,medium,low,10,spaceship,,,27/09/2026 22:32
a5933eee-8d83-4261-9d4e-9af5a2f05660,corona.dental,premium,54.36,108.6,high,medium,6,porkbun,,,28/09/2026 23:19
51f38c2f-3f10-40cc-addf-70adb0612ebe,seat.dental,available,78.99,78.99,medium,low,4,namesilo,,,09/08/2026 11:32
50b52c49-e650-41a3-b7f1-ae7ad8b79a9b,serous.dental,available,78.99,78.99,medium,low,6,namesilo,,,10/09/2026 04:43
68993aba-1da6-4a4f-9504-b37ae383aeca,acinonyx.dental,available,78.99,78.99,medium,low,8,namesilo,,,17/09/2026 01:31
adcf8bb3-f0fa-4eb4-8140-8bc012d19246,businessmen.dental,available,62.3,62.3,high,low,11,spaceship,,,28/09/2026 08:52
4b101f05-7675-4295-b2ba-3aeb397facc2,alidade.dental,available,78.99,78.99,medium,low,7,namesilo,,,18/09/2026 07:31
48f62713-6e86-46dc-9ed3-8d4d1ceceec2,fiddling.dental,available,78.99,78.99,medium,low,8,namesilo,,,18/08/2026 03:28
534e0d7d-466d-4905-a28b-1d440e657c6d,faith.dental,available,81.98,100.98,high,low,5,namecheap,,,29/09/2026 18:54
f4a05f31-c539-493d-8379-77366dd3b9de,war.dental,available,78.99,78.99,high,low,3,namesilo,,,26/09/2026 00:24
793a5de4-3928-4643-9129-52050e24bc2b,ride.dental,available,60.2,60.2,high,low,4,cloudflare,,,29/09/2026 00:38
2c6ac432-495c-4ac6-9369-90671d324377,lamps.dental,available,78.99,78.99,medium,low,5,namesilo,,,29/09/2026 11:04
af7ec1e9-f27a-4a56-aa6f-0198b70ccc18,actias.dental,available,78.99,78.99,medium,low,6,namesilo,,,17/09/2026 04:29
8f056474-d179-4d51-a1a6-8c12a92d2c12,tourists.dental,available,81.98,100.98,medium,low,8,namecheap,,,18/09/2026 07:30
b20135f6-a3cd-4148-a903-d114a91f1975,blusher.dental,available,78.99,78.99,medium,low,7,namesilo,,,18/09/2026 15:49
1394b10c-ac15-44f4-b5f4-4ff5b2c49180,otoscope.dental,available,81.98,100.98,medium,low,8,namecheap,,,21/09/2026 04:28
f2863e01-4feb-4fa0-8464-7b27166ca44c,scalp.dental,available,62.3,62.3,high,low,5,spaceship,,,29/09/2026 08:01
e06a0fa6-11b6-4394-adaf-097e1fd11bf0,shirts.dental,available,78.99,78.99,medium,low,6,namesilo,,,27/09/2026 11:13
8d872438-89cc-4f9a-ae39-4461c58737ba,albescent.dental,available,78.99,78.99,high,low,9,namesilo,,,
b577084c-8216-4a24-a264-6c43eaa72a75,potent.dental,available,78.99,78.99,high,low,6,namesilo,,,09/09/2026 00:48
e14e20f0-755c-4786-ae25-2015421605ae,afrikaner.dental,available,78.99,78.99,medium,low,9,namesilo,,,
a902cc8a-af44-4c5b-b320-4c01549740f7,diatonic.dental,available,78.99,78.99,medium,low,8,namesilo,,,14/08/2026 06:21
34944c6a-1882-4f22-9f9e-fbb4af2b4d1d,seville.dental,available,64.42,64.42,medium,low,7,dynadot,,,30/09/2026 18:37
e140bd6c-4d40-469f-a7fb-075ef943786d,psychiatric.dental,available,62.31,62.31,medium,low,11,porkbun,,,28/09/2026 15:58
66d9028d-0b64-420e-88be-57cc7804403d,revelation.dental,available,60.2,60.2,high,low,10,cloudflare,,,27/09/2026 13:50
e64112f2-16fc-4dfd-b7d7-66d835ed5cc0,mikey.dental,available,59.98,,high,low,5,namecheap,,,
1d97b6e3-f854-4828-93f2-6f810dd87ef0,palatial.dental,available,78.99,78.99,high,low,8,namesilo,,,04/09/2026 23:22
261d9758-3dd6-4959-900a-9fc4359c4f43,juana.dental,available,64.42,64.42,medium,low,5,dynadot,,,29/09/2026 09:44
8ee3dabb-beca-4f88-9a0e-f5caf7c5b5db,nimitz.dental,available,78.99,78.99,medium,low,6,namesilo,,,17/09/2026 08:52
190e2621-6fa5-4e91-8987-d913ae26ec1f,slovenly.dental,available,78.99,78.99,medium,low,8,namesilo,,,18/08/2026 16:55
7835a1a5-2e76-4aa4-9a49-6113365c7c74,exceeded.dental,available,62.31,62.31,medium,low,8,porkbun,,,30/09/2026 00:20
229d1ab6-bab0-4d8c-8950-13c25fc5c100,gram.dental,available,60.2,60.2,high,medium,4,cloudflare,,,29/09/2026 20:15
ec31fbd8-968d-4386-a816-601465861bf7,battue.dental,available,78.99,78.99,medium,low,6,namesilo,,,22/09/2026 16:30
d7f59973-1d44-42da-bce4-2228795ebe54,chelmsford.dental,available,62.3,62.3,medium,low,10,spaceship,,,29/09/2026 15:25
37e5fd65-b11f-40dc-bb51-021a1ecc2ca6,clowns.dental,available,60.2,60.2,medium,low,6,cloudflare,,,30/09/2026 07:41
32db788b-0f72-4dc5-aa0f-1ed9a50abd69,depressant.dental,available,78.99,78.99,medium,low,10,namesilo,,,14/08/2026 02:39
baa6c646-9370-40ab-aaed-bee193c9fe63,objectively.dental,available,59.98,,high,low,11,namecheap,,,
618ef87b-953e-4938-9770-03aa0047b897,attacks.dental,available,78.99,78.99,medium,low,7,namesilo,,,27/09/2026 02:47
7030eff4-f3d7-4553-9545-0f8dc5196c56,skip.dental,available,81.98,100.98,high,low,4,namecheap,,,25/09/2026 07:30
3ced6383-e2d4-4e9f-9963-18277e1ad0aa,mouthy.dental,available,59.98,,medium,low,6,namecheap,,,
4adca9b8-35e0-4bee-8df6-12b8ec9b891e,scoop.dental,available,81.98,100.98,high,low,5,namecheap,,,19/09/2026 16:31
f6585a25-e8c0-4061-a35e-f3662078f984,lxxvii.dental,available,81.98,100.98,medium,low,6,namecheap,,,
415ea28c-11fc-4b2d-b8d7-3804aea3a599,robes.dental,available,78.99,78.99,medium,low,5,namesilo,,,29/09/2026 23:27
a35793cb-ffb1-488e-8e15-898a710fca6d,transonic.dental,available,78.99,78.99,medium,low,9,namesilo,,,10/09/2026 14:11
1c38d0a9-c8be-43f0-9812-0c76f9658649,hitchcock.dental,available,81.98,100.98,high,low,9,namecheap,,,18/09/2026 06:32
a520ef52-98a3-43c5-a070-3c9607075f70,please.dental,available,81.98,100.98,high,low,6,namecheap,,,15/09/2026 20:27
68b9667b-6c7e-47c7-84d1-9fc2ede1da0d,bustling.dental,available,78.99,78.99,high,low,8,namesilo,,,11/08/2026 11:21
459515a1-2ecf-452d-8fb5-bd5179759806,evenings.dental,available,60.2,60.2,medium,low,8,cloudflare,,,29/09/2026 05:28
9e56adaf-26f0-4101-b00d-554fedcea700,ascendent.dental,available,78.99,78.99,medium,low,9,namesilo,,,
aa99b2e3-54cc-448d-8ada-bf6f618cddd1,bennington.dental,available,78.99,78.99,high,low,10,namesilo,,,23/09/2026 08:33
bbc771bb-e564-4ad4-958a-ec1ebc264cdd,chr.dental,available,60.2,60.2,medium,low,3,cloudflare,,,28/09/2026 12:07
71fa880e-7a22-438f-8397-aadbe469c826,succeed.dental,available,78.99,78.99,high,low,7,namesilo,,,30/09/2026 16:37
80e919b5-ab23-4765-82a6-3dfffa695330,occupy.dental,available,78.99,78.99,high,low,6,namesilo,,,23/09/2026 12:12
eca491ca-8b50-4391-bcda-5c3c6149809f,nell.dental,available,62.3,62.3,medium,low,4,spaceship,,,28/09/2026 07:53
955abb30-c36f-4f84-9530-1f97886ae550,aviatrix.dental,available,78.99,78.99,high,low,8,namesilo,,,17/09/2026 23:25
6e867b87-26f8-40ad-9b79-a4a7b92f5921,belonging.dental,available,78.99,78.99,high,low,9,namesilo,,,23/09/2026 06:53
5e6d6af1-802f-44d3-9d52-337d23608328,dwell.dental,available,78.99,78.99,high,low,5,namesilo,,,24/08/2026 07:49
43e4af13-8b79-4129-b23c-89c4da29ed7e,turgid.dental,available,81.98,100.98,medium,low,6,namecheap,,,10/08/2026 18:07
610e4917-6496-437b-885e-14041d921157,fool.dental,available,78.99,78.99,medium,low,4,namesilo,,,12/08/2026 15:15
52e3967e-c1c8-4aeb-8714-ff7ab11cbbc1,hebron.dental,available,78.99,78.99,medium,low,6,namesilo,,,28/09/2026 16:34
72d4ef9d-354f-43a6-b687-debfdb755759,unequaled.dental,available,78.99,78.99,high,low,9,namesilo,,,12/09/2026 09:09
899ffcc1-45c7-42c5-b579-9da0e41ef705,alienator.dental,available,78.99,78.99,medium,low,9,namesilo,,,18/09/2026 07:36
ab8ca687-fe3e-4770-ada1-4ff1deebecb7,balk.dental,available,78.99,78.99,medium,low,4,namesilo,,,14/08/2026 04:55
42c3142b-87f5-454b-8935-8f68015e4656,neotenous.dental,available,78.99,78.99,low,low,9,namesilo,,,03/09/2026 15:33
123e19be-059d-4f94-81af-307ce784c9b7,trades.dental,available,62.3,62.3,high,low,6,spaceship,,,30/09/2026 13:41
aaa87068-ec85-40a0-80c0-bff114d42d89,departments.dental,available,78.99,78.99,medium,low,11,namesilo,,,29/09/2026 17:21
0e7e7281-2059-4a60-a279-772413e8c95e,mathematical.dental,available,81.98,100.98,medium,low,12,namecheap,,,28/09/2026 21:06
9f9c3e12-d414-4ee3-89c0-427243990a59,gullible.dental,available,78.99,78.99,medium,low,8,namesilo,,,18/08/2026 07:40
b922f064-8b9a-4123-8272-58dde5eea883,streaked.dental,available,78.99,78.99,medium,low,8,namesilo,,,10/09/2026 22:16
510270d7-95a1-4d06-94ae-2cc3190bea29,architrave.dental,available,88.99,94.99,medium,low,10,name.com,,,20/09/2026 02:17
4247068d-c726-4cef-b8d7-6d4d943c5daf,stock.dental,available,78.99,78.99,high,medium,5,namesilo,,,27/09/2026 03:18
f8c51a4d-43c6-434e-9722-82dc3d52bef5,mcintosh.dental,available,78.99,78.99,high,low,8,namesilo,,,27/09/2026 04:44
94629572-a57c-49e8-b33e-f2ba63d839b1,alcides.dental,available,78.99,78.99,medium,low,7,namesilo,,,18/09/2026 04:05
85badc4e-d8da-4eb9-8126-359cb70e8a13,crumpled.dental,available,78.99,78.99,medium,low,8,namesilo,,,13/08/2026 09:06
c89418ea-fb47-4920-b76a-0d2c4879b2c2,liaoning.dental,available,78.99,78.99,medium,low,8,namesilo,,,30/09/2026 13:11
bd68c726-7f79-4750-acdb-3849788d6a13,haldane.dental,available,78.99,78.99,medium,low,7,namesilo,,,30/09/2026 01:29
702f907f-1786-481e-8891-80d238893eef,generative.dental,available,81.98,100.98,high,low,10,namecheap,,,18/08/2026 21:24
29ef1998-6f9f-4fa8-aa05-0370bb9c325b,farthest.dental,available,78.99,78.99,medium,low,8,namesilo,,,24/09/2026 17:05
f87da3dd-b36c-4e3b-ad0f-e6958881bdc4,asteraceae.dental,available,78.99,78.99,medium,low,10,namesilo,,,20/09/2026 17:03
bfce9434-5c58-470d-9dc4-1491abd2f437,music.dental,available,62.3,62.3,high,medium,5,spaceship,,,28/09/2026 07:33
cb8ca148-618c-4ea6-9445-121736e9cb84,dad.dental,premium,242,242,high,low,3,namesilo,,,27/09/2026 05:02
11e05b00-0700-4961-954d-59d3dc993394,muskegon.dental,available,62.31,62.31,medium,low,8,porkbun,,,29/09/2026 10:06
da23baa1-d7cb-4e5d-817b-7c834b56db5e,included.dental,available,78.99,78.99,high,low,8,namesilo,,,22/08/2026 01:33
1ebaeace-f52a-4d82-81e9-e674f09f100a,tare.dental,available,81.98,100.98,high,low,4,namecheap,,,22/09/2026 21:12
afd366e7-2c0a-4ea2-8348-7a3a28729f86,waylay.dental,available,78.99,78.99,medium,low,6,namesilo,,,18/09/2026 17:32
e0f894f2-2394-4690-bd1b-142956355682,grizzly.dental,available,81.98,100.98,high,low,7,namecheap,,,20/08/2026 19:16
1b67e8fd-c9ad-4329-ae2e-5d0eb515da0b,catatonic.dental,available,81.98,100.98,medium,low,9,namecheap,,,11/08/2026 21:14
55e86dc9-a463-453b-aca3-c229ee3c459b,sikkim.dental,available,60.2,60.2,medium,low,6,cloudflare,,,30/09/2026 02:52
e4241708-03ee-4caa-a4b9-1beb9ef21cb6,binful.dental,available,78.99,78.99,medium,low,6,namesilo,,,23/09/2026 17:14
b286aa7a-b054-4e30-8ee3-6e239ce4523a,modish.dental,available,78.99,78.99,high,low,6,namesilo,,,
e3edf7df-bb87-4e5f-8129-d80168ec5718,ambulance.dental,available,78.99,78.99,high,low,9,namesilo,,,18/09/2026 17:28
934ff501-3824-45b9-aef4-9803875193f9,attacked.dental,available,81.98,100.98,medium,low,8,namecheap,,,25/09/2026 20:43
3be0d5eb-e39d-4cc7-b0c9-16a1f41b16c3,arouse.dental,available,78.99,78.99,high,low,6,namesilo,,,07/08/2026 23:59
fe68de66-2bed-47b8-a489-37271a94cf4e,infiltration.dental,available,62.3,62.3,medium,low,12,spaceship,,,30/09/2026 23:19
e0702ee8-70db-4591-8757-e7916c5cb07a,blackjack.dental,available,78.99,78.99,high,low,9,namesilo,,,24/09/2026 00:44
98cf7266-5caf-4cb2-943c-a5ca4504226a,ava.dental,available,59.98,,high,medium,3,namecheap,,,
06bc6719-268a-4661-bd96-af7d2d7b17a9,moorish.dental,available,78.99,78.99,high,low,7,namesilo,,,25/08/2026 05:59
a50a5a96-6ad8-45bb-af4b-1266e743f203,valladolid.dental,available,78.99,78.99,medium,low,10,namesilo,,,29/09/2026 22:02
a06265a4-afc8-453e-bc61-0d1e93ce2dcb,annalistic.dental,available,,,medium,low,10,,,,
d1e25421-18e0-441f-9df0-5150563e351f,aft.dental,available,78.99,78.99,high,low,3,namesilo,,,
04cd4bab-d6d5-4ecc-b122-551a7f185317,allograph.dental,available,78.99,78.99,medium,low,9,namesilo,,,18/09/2026 11:54
f126d464-f02b-4a61-ba43-7076a2212a38,icc.dental,available,78.99,78.99,high,low,3,namesilo,,,25/09/2026 07:43
4a02e6fc-6c4a-45bc-87db-309bb480b5e1,offenses.dental,available,78.99,78.99,low,low,8,namesilo,,,20/09/2026 10:35
176bee8a-15a1-42da-99e1-3338e900e552,chewing.dental,available,78.99,78.99,high,low,7,namesilo,,,24/09/2026 14:24
95d600b1-1aea-4d27-90ac-c3d7cdd0f49a,silverman.dental,available,60.2,60.2,medium,low,9,cloudflare,,,28/09/2026 12:16
d90f4c6f-468a-41b7-a6fa-d93556a4c291,rom.dental,available,62.3,62.3,high,low,3,spaceship,,,28/09/2026 19:13
3e78a8cd-5bee-4a77-912a-3b81b5079ffe,ashen.dental,available,78.99,78.99,medium,low,5,namesilo,,,07/08/2026 02:09
cc27f4ba-a522-44d7-9a65-ed4c165895fb,cockamamy.dental,available,78.99,78.99,low,low,9,namesilo,,,12/08/2026 14:49
63cb73d9-7254-45a9-b29d-ee63726a6526,lackey.dental,available,78.99,78.99,medium,low,6,namesilo,,,20/09/2026 15:38
2eb71782-f2cb-435e-b744-3b7765b64464,uaw.dental,available,62.3,62.3,medium,low,3,spaceship,,,29/09/2026 21:51
2482cfbe-4993-490c-bc1d-6967b9b4465e,assembling.dental,available,78.99,78.99,high,low,10,namesilo,,,20/09/2026 16:08
eb1fda16-1661-4e56-8f90-5c50c5d83d13,arrangements.dental,available,78.99,78.99,medium,low,12,namesilo,,,27/09/2026 10:40
3dfcf8c9-49d2-41c7-b352-8be3fe6809f2,vaughn.dental,available,78.99,78.99,high,low,6,namesilo,,,27/09/2026 11:16
3a63dd4a-f8f1-47e9-903a-87565aaa7d72,validation.dental,available,81.98,100.98,high,low,10,namecheap,,,30/09/2026 19:08
3f21600c-9273-46e0-a301-0a71f24744a2,clanging.dental,available,78.99,78.99,medium,low,8,namesilo,,,12/08/2026 09:31
abeab59b-4b70-45e0-ac0f-343ac405fc6a,batteries.dental,available,62.3,62.3,medium,low,9,spaceship,,,27/09/2026 23:45
ed47697a-ca9a-4aca-a6fb-a81b59c0527b,planate.dental,available,78.99,78.99,medium,low,7,namesilo,,,18/08/2026 06:53
8dc740f5-1fd7-4d74-b30e-7bb546ea12b4,orthodox.dental,available,78.99,78.99,high,low,8,namesilo,,,14/08/2026 22:55
c1401037-ba3f-4e37-9793-98338b4ebdf7,chock.dental,available,78.99,78.99,medium,low,5,namesilo,,,14/09/2026 06:47
3045a668-b59e-40bd-8047-4cf4136eac93,coworker.dental,available,78.99,78.99,high,low,9,namesilo,,,24/09/2026 16:09
27fd2bff-b93d-4d7c-af2f-cf18e198e293,qian.dental,available,64.42,64.42,high,low,4,dynadot,,,29/09/2026 10:05
5cbe76fb-65be-4961-8335-bc9745aa19c0,accents.dental,available,62.3,62.3,medium,low,7,spaceship,,,30/09/2026 15:13
a32f2e01-3fc1-42d0-8095-1267d70fc09b,spreadsheet.dental,available,59.98,,high,low,11,namecheap,,,
4b51c93b-5ac6-4f8c-9543-95aaad681615,martini.dental,available,78.99,78.99,high,low,7,namesilo,,,28/09/2026 14:50
cf7d41f1-d9e7-4661-afff-e32f73812393,states.dental,available,81.98,100.98,high,low,6,namecheap,,,19/09/2026 11:16
4e265efd-8c2b-4c4c-8082-ada4927f081c,discontinuous.dental,available,81.98,100.98,low,low,13,namecheap,,,30/09/2026 06:03
a97739d8-b65a-4062-b4a9-607d76fbd324,loops.dental,available,78.99,78.99,high,low,5,namesilo,,,17/09/2026 12:15
a71f887f-9d69-4cec-938a-2b68e67bb982,abettal.dental,available,78.99,78.99,medium,low,7,namesilo,,,16/09/2026 15:18
08e77050-c900-437e-9590-ce245c641136,bruckner.dental,available,78.99,78.99,medium,low,8,namesilo,,,19/09/2026 15:26
f681b436-b75f-436c-9876-e117199cb9ad,mother.dental,available,62.3,62.3,high,low,6,spaceship,,,29/09/2026 19:00
b2354a3c-85b4-40f0-8b4b-5d248ba55803,xxi.dental,available,78.99,78.99,high,low,3,namesilo,,,21/09/2026 12:32
6cbb4501-0236-4805-b930-fb6d58df3fe1,syncope.dental,available,81.98,100.98,medium,low,7,namecheap,,,17/08/2026 21:05
fa28b2e3-b6cf-4af9-bbca-f463aa1606f8,assuredly.dental,available,78.99,78.99,medium,low,9,namesilo,,,13/09/2026 22:09
8d809a70-aaf1-4516-8fbb-01416c976759,crowns.dental,premium,118.8,118.8,high,low,6,namesilo,,,18/09/2026 06:26
b33abb80-fe59-4f58-ad4e-6ee0a6bd413b,rangy.dental,available,81.98,100.98,medium,low,5,namecheap,,,18/08/2026 20:13
74715899-6e0c-4990-a543-ce2a07da83f8,agreeably.dental,available,81.98,100.98,medium,low,9,namecheap,,,13/09/2026 18:22
8bb23e1a-6fc5-4ecd-a7bd-96eb42768904,clad.dental,available,78.99,78.99,high,low,4,namesilo,,,12/08/2026 09:13
2328fb2d-a8a7-4e80-8145-1dd1340f9a79,illegal.dental,available,78.99,78.99,high,low,7,namesilo,,,25/09/2026 07:45
5fe4a9d8-430a-4ba1-833b-f40e7c4b7618,privileges.dental,available,78.99,78.99,low,low,10,namesilo,,,28/09/2026 17:31
3b0b1d1b-2de9-4b7d-a70d-c53ab7016f12,pointer.dental,available,78.99,78.99,high,low,7,namesilo,,,20/09/2026 09:27
d4a5db12-28ab-40f4-b62f-c0b87178ea7d,highschool.dental,available,60.2,60.2,high,low,10,cloudflare,,,29/09/2026 22:46
01b5fcca-4b40-4fc7-a0dc-4f4b660f7779,undone.dental,available,78.99,78.99,medium,low,6,namesilo,,,11/09/2026 01:55
cb867c7d-a03e-45fa-b423-9d213e33eae8,translating.dental,available,81.98,100.98,medium,low,11,namecheap,,,17/09/2026 20:51
eb9661b8-0e61-4cc0-b382-143410ad5524,detected.dental,available,78.99,78.99,high,low,8,namesilo,,,24/09/2026 07:30
4e2aeafb-4d0c-4671-80b1-bb4bac3f7c7a,inviolate.dental,available,78.99,78.99,medium,low,9,namesilo,,,22/08/2026 09:06
fe87498b-3b23-490d-9655-6efffabcac49,rostov.dental,available,62.3,62.3,medium,low,6,spaceship,,,30/09/2026 02:44
034dd79f-1b8d-4181-95e8-3de997457280,crazily.dental,available,78.99,78.99,medium,low,7,namesilo,,,14/09/2026 09:15
e9b16ddd-4756-497e-ae9a-3e0bf109bf45,vanzetti.dental,available,78.99,78.99,medium,low,8,namesilo,,,22/09/2026 09:26
39aa1cc4-3023-411f-aad0-66ee1cf1954f,skyline.dental,available,81.98,100.98,high,low,7,namecheap,,,19/09/2026 20:18
9e743396-bc25-42b8-8aaf-1316054af569,clapper.dental,available,88.99,94.99,medium,low,7,name.com,,,19/09/2026 20:51
6bdedece-676a-4da4-933b-0a620351636d,impossibility.dental,available,78.99,78.99,medium,low,13,namesilo,,,30/09/2026 23:16
982dfefb-5625-4170-bcd9-68fbe4124bab,becky.dental,available,78.99,78.99,high,low,5,namesilo,,,28/09/2026 00:14
8e6a4c65-8254-484e-96cc-967512bf095b,mirrored.dental,available,78.99,78.99,high,low,8,namesilo,,,25/08/2026 01:11
be156319-2957-451c-b266-36cbe267fc7c,doze.dental,available,81.98,100.98,high,low,4,namecheap,,,24/09/2026 23:43
b81fa31f-d9b7-43ec-a2f4-b873b540c1cc,aspirations.dental,available,78.99,78.99,low,low,11,namesilo,,,29/09/2026 23:55
8167c321-127b-44cb-94dd-1ee2b79dcb8b,apocalypse.dental,available,81.98,100.98,medium,low,10,namecheap,,,19/09/2026 18:10
376fb8cc-dfd8-40ff-a2f3-df5dc30b990d,fought.dental,available,59.98,,medium,low,6,namecheap,,,
67973026-a361-4781-b804-5529e05f2c16,realizing.dental,available,62.31,62.31,medium,low,9,porkbun,,,28/09/2026 23:15
53d32c83-12ea-4ba5-af2b-25dc7ca86850,camus.dental,available,78.99,78.99,high,low,5,namesilo,,,18/09/2026 02:38
396d466c-1e30-4ca9-b79d-be2dbd05e86b,grinder.dental,available,78.99,78.99,medium,low,7,namesilo,,,25/08/2026 03:40
350e68bc-402a-45e7-84ab-e94ab81df3fb,susanna.dental,available,62.3,62.3,high,low,7,spaceship,,,28/09/2026 01:02
44f0acfb-b9da-4287-aec0-ff19676f3f53,metastatic.dental,available,78.99,78.99,medium,low,10,namesilo,,,24/08/2026 21:49
ed59cc95-6e99-4a37-b62f-d00491dfe898,bigwig.dental,available,78.99,78.99,high,low,6,namesilo,,,23/09/2026 15:30
74c2d055-59ba-4d8e-b3ac-2afb098edea0,dagger.dental,available,81.98,100.98,high,low,6,namecheap,,,24/09/2026 20:52
691d81aa-e384-40a5-9c4b-933dac9a0d69,jorge.dental,available,78.99,78.99,high,low,5,namesilo,,,25/09/2026 13:21
d89eccb7-bd2e-4bf8-a534-1e46e1b17b8e,kwhr.dental,available,78.99,78.99,high,low,5,namesilo,,,21/09/2026 11:57
18aacd4d-c33c-4d9b-b8ca-0b4ad3c22629,colton.dental,available,62.3,62.3,medium,low,6,spaceship,,,29/09/2026 00:04
22cca637-fdf4-4b04-a86f-82bde184553b,prate.dental,available,78.99,78.99,medium,low,5,namesilo,,,23/09/2026 23:29
f65199a4-87e2-48a7-88b7-d4dbc07309ce,boardwalk.dental,available,78.99,78.99,high,low,9,namesilo,,,30/09/2026 08:21
7cdfdf73-7b49-45f8-8d7c-58b5abaf8011,ballard.dental,available,78.99,78.99,high,low,7,namesilo,,,29/09/2026 22:22
3f2418e6-e185-408a-a0cd-3b52c74edc75,strut.dental,available,78.99,78.99,high,low,5,namesilo,,,11/09/2026 05:11
4f69056c-6344-4e26-b586-dcf18dbd9b0a,recreate.dental,available,81.98,100.98,high,low,8,namecheap,,,24/09/2026 14:10
c5aafbf0-09e8-4f46-9c19-f76ddf34fb9b,eyeless.dental,available,81.98,100.98,medium,low,7,namecheap,,,17/08/2026 20:02
28450346-ad3c-4e00-8e52-9c03aa76b6e2,unrealistic.dental,available,62.31,62.31,medium,low,11,porkbun,,,29/09/2026 21:08
893d7e22-1c87-465c-8f48-c5200806cdbe,blastoff.dental,available,78.99,78.99,high,low,8,namesilo,,,24/09/2026 04:43
d3d473e8-29e3-4f51-86be-c5939e9500f5,untethered.dental,available,81.98,100.98,medium,low,10,namecheap,,,12/09/2026 21:16
a8d8eeff-339d-4b7a-a934-3c3ffe46575b,depart.dental,available,62.3,62.3,high,low,6,spaceship,,,28/09/2026 20:27
475e0b33-9ac9-410a-9c3e-b8f5011245ac,thereafter.dental,available,78.99,78.99,high,low,10,namesilo,,,16/09/2026 08:38
75ba9a5f-cdaf-46b8-b391-a37523617684,retired.dental,available,81.98,100.98,high,low,7,namecheap,,,27/09/2026 13:17
3a9b1cfa-1523-401d-a512-8c41a6e8dbff,gaussian.dental,available,81.98,100.98,high,low,8,namecheap,,,18/08/2026 20:52
4a2c1a88-739c-4b9b-b170-d70bb2932585,adamance.dental,available,81.98,100.98,medium,low,8,namecheap,,,17/09/2026 06:15
b474cee2-ab54-4057-bdef-cba297bdf78d,catechetic.dental,available,81.98,100.98,medium,low,10,namecheap,,,11/08/2026 21:25
46310b98-8ffb-4fa5-a0a4-da1f4d090e0e,official.dental,available,78.99,78.99,high,low,8,namesilo,,,26/09/2026 00:05
a1d83b67-790c-4c66-9ac6-5e4de385c4ea,washes.dental,available,81.98,100.98,medium,low,6,namecheap,,,20/09/2026 04:54
33820750-6893-4bf1-bff9-d5cf105b1b38,literate.dental,available,78.99,78.99,high,low,8,namesilo,,,24/08/2026 07:26
b7a2cd10-73b2-4294-98fd-4a4b118ee281,pontiff.dental,available,78.99,78.99,medium,low,7,namesilo,,,23/09/2026 21:52
5775ae6b-a504-4b23-acc6-192389fc7f46,manzanita.dental,available,78.99,78.99,medium,low,9,namesilo,,,20/09/2026 01:04
525acf84-a5b0-4d16-92e2-823a8f089085,bioko.dental,available,81.98,100.98,medium,low,5,namecheap,,,23/09/2026 18:17
64441629-410c-4c97-92b6-cf6625dbc23f,grandparent.dental,available,78.99,78.99,high,low,11,namesilo,,,19/09/2026 04:27
15e89646-34e8-4c38-b15c-54b5c7c9471a,trains.dental,available,78.99,78.99,high,low,6,namesilo,,,27/09/2026 22:59
8a662d7e-0835-4161-95b9-05f7e28381e7,grave.dental,available,81.98,100.98,high,low,5,namecheap,,,20/08/2026 18:38
fb80940d-f281-4e7e-a394-c4bf23f51b9d,glorified.dental,available,78.99,78.99,high,low,9,namesilo,,,11/08/2026 17:29
364713d6-94a0-40a3-a2b3-75ba9be70af4,copacetic.dental,available,78.99,78.99,medium,low,9,namesilo,,,13/08/2026 00:18
44309388-673f-41db-91dc-03f36664797a,marlow.dental,available,64.42,64.42,high,low,6,dynadot,,,30/09/2026 00:14
8653dad8-64b9-418d-832e-08dc1d797956,kathmandu.dental,available,81.98,100.98,medium,low,9,namecheap,,,29/09/2026 06:13
71a198d7-ef30-4c05-b5dd-624e7cc2d153,neonatal.dental,available,78.99,78.99,medium,low,8,namesilo,,,03/09/2026 15:27
bbce75b6-8644-4cb6-b50b-8e7649c009d9,wetlands.dental,available,62.3,62.3,medium,low,8,spaceship,,,30/09/2026 14:22
52776482-05c2-466b-8b50-1d897e730206,investing.dental,available,62.3,62.3,high,low,9,spaceship,,,30/09/2026 01:22
c6aa199d-5e6e-4fbb-a16e-f810bc316c55,seperation.dental,available,78.99,78.99,low,low,10,namesilo,,,18/09/2026 17:16
5b31dcac-af6f-4174-b0ad-0a597127e6b5,accomplish.dental,available,78.99,78.99,high,low,10,namesilo,,,28/09/2026 06:55
109a846b-d529-47be-92b3-4c35580712e4,wound.dental,available,60.2,60.2,high,low,5,cloudflare,,,28/09/2026 11:06
29ba8229-a3ad-4038-9a2f-59fb0350424d,aflame.dental,available,78.99,78.99,medium,low,6,namesilo,,,
1f494afd-9693-42cd-83ea-57c8a35efc23,narrowly.dental,available,78.99,78.99,medium,low,8,namesilo,,,15/09/2026 16:08
01a62946-fe90-4329-82df-32d9332ba07c,regally.dental,available,78.99,78.99,medium,low,7,namesilo,,,15/09/2026 22:55
829c0807-9512-4094-9db7-3b37e8a81eb2,crimes.dental,available,59.98,,high,low,6,namecheap,,,
4e65fab6-8b6d-4ba6-9045-66718a1e5011,marius.dental,available,78.99,78.99,high,low,6,namesilo,,,28/09/2026 03:53
6df29050-fa8a-4290-abc2-46d21a8bf72a,affected.dental,available,78.99,78.99,high,low,8,namesilo,,,
3347cd18-3caa-4aae-ba63-339e0727cd90,satiric.dental,available,78.99,78.99,medium,low,7,namesilo,,,09/09/2026 21:51
0cda9893-38c5-42b7-a140-1563323cc73a,hospitable.dental,available,78.99,78.99,high,low,10,namesilo,,,21/08/2026 14:16
a1b57120-bce3-443b-8b2d-3d0bf0aa97da,azeri.dental,available,81.98,100.98,high,low,5,namecheap,,,21/09/2026 11:12
c24aa885-11da-4861-bda9-b95cd0095a39,caddish.dental,available,78.99,78.99,low,low,7,namesilo,,,11/08/2026 12:43
e4bdcb96-3286-4cc2-9c88-8ee3ab81d0c0,advertises.dental,available,78.99,78.99,medium,low,10,namesilo,,,18/09/2026 17:19
4610474f-c03e-4047-ac72-e71c98a4d616,ricefield.dental,available,59.98,,medium,low,10,namecheap,,,
b9030f26-2188-427f-b750-0177136ad342,aitken.dental,available,64.42,64.42,medium,low,6,dynadot,,,29/09/2026 10:35
2675164d-120e-479b-86fc-4b2df99e86e3,colorful.dental,available,81.98,100.98,high,low,8,namecheap,,,12/08/2026 17:48
8e3b367f-1e3f-4a3c-8803-299f70b24cc1,external.dental,available,81.98,100.98,high,low,8,namecheap,,,17/08/2026 19:09
2a1236d8-ec49-4ce0-ade8-277fa93579c4,lorenz.dental,available,78.99,78.99,high,low,6,namesilo,,,28/09/2026 10:12
32fc43db-abc2-486f-aa94-a79635926f52,nobble.dental,available,78.99,78.99,medium,low,6,namesilo,,,14/09/2026 07:56
7a068a7b-4e9d-47e2-9010-e3d94bd84d2a,beans.dental,available,59.98,,high,low,5,namecheap,,,
62a928e7-6082-4bd1-9eb7-42a1c82aa44c,makeovers.dental,available,78.99,78.99,medium,low,9,namesilo,,,21/09/2026 08:55
ac84e33d-f427-483d-ad6b-b4a65dcdbdc5,mouthwash.dental,available,59.98,,high,low,10,namecheap,,,
7ebf1592-ca71-4580-a84d-26c3c4bf4c9a,asteroid.dental,available,78.99,78.99,high,low,8,namesilo,,,22/09/2026 10:17
04b3484c-b751-4cc2-acce-8c4ea090f9eb,hasty.dental,available,78.99,78.99,medium,low,5,namesilo,,,21/08/2026 01:15
67fe0576-bc94-4f5e-a407-10fbe9b6ef5d,awfully.dental,available,78.99,78.99,medium,low,7,namesilo,,,22/09/2026 15:26
11fc0a9c-2010-4c45-bd5c-77d0436ddd24,fatherly.dental,available,78.99,78.99,high,low,8,namesilo,,,17/08/2026 23:36
252119fd-c39e-4b2a-8953-11a5d273d86a,blending.dental,available,78.99,78.99,high,low,8,namesilo,,,24/09/2026 05:51
9f09a6c1-0f2f-45f1-93c8-c43f595b4408,gouty.dental,available,81.98,100.98,medium,low,5,namecheap,,,20/08/2026 17:18
1d3f8663-21c2-4810-9989-8ebe5f1723b0,apiarist.dental,available,81.98,100.98,medium,low,8,namecheap,,,19/09/2026 17:19
26e806ef-6aec-4137-864c-286263bc67b0,planktonic.dental,available,78.99,78.99,medium,low,10,namesilo,,,08/09/2026 20:46
fa8a6490-fdde-4b71-8d7f-e144e800a10a,knife.dental,available,78.99,78.99,high,low,5,namesilo,,,25/09/2026 23:24
1e4e7488-be53-4b4c-ae5c-68632e9601bf,thorny.dental,available,81.98,100.98,medium,low,6,namecheap,,,08/08/2026 17:55
003d1629-903f-4795-8744-5f429159e1b5,trophy.dental,available,60.2,60.2,high,low,6,cloudflare,,,30/09/2026 13:59
55f7564e-831c-4603-9409-9ba44b13b240,need.dental,premium,520,520,high,low,4,namecheap,,,25/09/2026 21:55
d9d75f68-12d5-4a44-b34e-69124698dc68,drubbing.dental,available,78.99,78.99,medium,low,8,namesilo,,,13/09/2026 07:58
706077c5-77ed-48a6-bfcd-927a7f1b7e37,rapids.dental,available,78.99,78.99,high,low,6,namesilo,,,30/09/2026 05:25
8612c7b0-19b5-4d3f-bdc5-f5453baca504,clearly.dental,available,62.3,62.3,high,low,7,spaceship,,,28/09/2026 13:55
37827cdd-e851-4f2b-810a-dd793f66520f,records.dental,available,59.98,,high,low,7,namecheap,,,
381cb880-69d0-4441-a295-6f6b96c723a8,adjusted.dental,available,78.99,78.99,high,low,8,namesilo,,,21/09/2026 18:42
4b1b12f1-71b4-430c-bb4a-42ceb88b53e6,shareholders.dental,available,78.99,78.99,medium,low,12,namesilo,,,17/09/2026 15:53
90384db5-c673-4fa4-9de1-7619d71f22aa,developing.dental,available,78.99,78.99,high,low,10,namesilo,,,24/09/2026 07:59
26874549-2236-40e6-b699-b1e4f193a5c3,yams.dental,available,81.98,100.98,medium,low,4,namecheap,,,19/09/2026 22:19
1175e171-1126-4c5b-b1e1-290479b096a7,spurs.dental,available,78.99,78.99,high,low,5,namesilo,,,29/09/2026 09:52
6156a9bb-a33d-44ca-a049-a4597225bf3d,socialist.dental,available,78.99,78.99,high,low,9,namesilo,,,10/09/2026 13:19
7e4cf160-f9e5-45b1-b6fa-257c587762af,esters.dental,available,78.99,78.99,low,low,6,namesilo,,,28/09/2026 13:25
73831651-fb0d-4f6c-8886-d035839db869,depending.dental,available,64.42,64.42,medium,low,9,dynadot,,,27/09/2026 22:26
c4d0d89c-b50d-43ae-b0a6-bf51bcbc6efb,cards.dental,available,78.99,78.99,high,low,5,namesilo,,,24/09/2026 12:49
5810eed5-fc1d-4ea3-9560-4f9565684170,costs.dental,available,62.3,62.3,high,low,5,spaceship,,,29/09/2026 11:44
5b0df853-196b-4948-ab6b-af512351efcb,demonstration.dental,available,59.98,,high,low,13,namecheap,,,
6b8b5d75-08af-4d93-b7ad-e36f10f8be3c,consciously.dental,available,64.42,64.42,medium,low,11,dynadot,,,30/09/2026 20:00
98aadbf8-20d3-4855-8fdb-aaed5c50ba94,lie.dental,available,62.3,62.3,high,low,3,spaceship,,,30/09/2026 02:51
0310e8a9-4a4f-465f-abc5-67dfd0da186e,pleased.dental,available,81.98,100.98,high,low,7,namecheap,,,27/09/2026 04:08
a7eed4da-c781-41b8-9574-5dbbdcc87acb,bullock.dental,available,62.3,62.3,medium,low,7,spaceship,,,29/09/2026 11:48
01d225fd-3f95-4a1a-a7db-73d71545ac29,gaon.dental,available,64.42,64.42,high,low,4,dynadot,,,30/09/2026 19:42
8b841d99-23c0-464a-b688-e189b1e54a06,frankenstein.dental,available,62.3,62.3,high,low,12,spaceship,,,28/09/2026 21:01
b887d0c9-0d3e-4c5b-9103-ea952ccfabbf,alaskan.dental,available,78.99,78.99,high,low,7,namesilo,,,
bf97e381-85f0-4753-b08d-49fc9017124f,dias.dental,available,78.99,78.99,high,low,4,namesilo,,,22/09/2026 09:17
c79a8331-4377-4708-a9ab-ee2b4230cd69,helper.dental,available,81.98,100.98,high,low,6,namecheap,,,22/09/2026 09:58
30ffb1f7-0f4d-451b-8c21-ec2c8b606aa1,sorority.dental,available,78.99,78.99,high,low,8,namesilo,,,01/10/2026 03:45
880d4b6a-f94c-4ed3-ac20-e3aa8e95f670,cooled.dental,available,62.3,62.3,medium,low,6,spaceship,,,30/09/2026 06:31
b8762024-64d3-4410-b3f1-83871330dfae,bulimia.dental,available,78.99,78.99,medium,low,7,namesilo,,,23/09/2026 17:32
51a17595-46cf-405f-928e-1c03ed09167b,oblique.dental,available,78.99,78.99,high,low,7,namesilo,,,14/08/2026 05:11
7ac06621-bf6c-41cb-acdb-85b69d0fa319,bottom.dental,available,78.99,78.99,high,low,6,namesilo,,,09/08/2026 11:50
4178c690-7bbc-4635-afb9-224289a13641,binate.dental,available,78.99,78.99,medium,low,6,namesilo,,,09/08/2026 23:39
4c642bd1-cfe7-4386-ae03-3d71d9be95ba,crabs.dental,available,81.98,100.98,high,low,5,namecheap,,,29/09/2026 00:30
01f2b3d4-6aa8-4c89-a796-1819c365bda1,modifiable.dental,available,78.99,78.99,medium,low,10,namesilo,,,25/08/2026 03:12
627e6c64-4995-44f9-bcfb-a5f593d71309,applesauce.dental,available,81.98,100.98,high,low,10,namecheap,,,19/09/2026 21:26
4f6d77b0-0b8b-42fc-81d2-827f0a510870,guileless.dental,available,78.99,78.99,medium,low,9,namesilo,,,20/08/2026 20:48
67fc3000-691a-46f8-b964-8d474a7dee2e,shunning.dental,available,81.98,100.98,medium,low,8,namecheap,,,21/09/2026 09:50
31cd392a-9934-4de6-a13a-e0d078c888a3,boys.dental,available,81.98,100.98,high,low,4,namecheap,,,25/09/2026 17:34
0bfb733d-5722-4fa0-b1d5-b9a7750550cc,nescient.dental,available,81.98,100.98,medium,low,8,namecheap,,,21/08/2026 18:29
4c50f46e-a764-42f6-9111-ec4ee1c18310,ringtail.dental,available,78.99,78.99,medium,low,8,namesilo,,,22/09/2026 12:08
51f0e7a7-6aa3-4600-a584-449d0a19c8f8,rhenium.dental,available,78.99,78.99,medium,low,7,namesilo,,,20/09/2026 23:48
6855da95-0f01-47fc-995a-8e8f8fa76b8e,piston.dental,available,62.3,62.3,high,low,6,spaceship,,,30/09/2026 06:45
cf0cf4ee-6031-4ea9-aecd-769e804cebb6,volunteers.dental,available,78.99,78.99,high,low,10,namesilo,,,18/09/2026 01:21
7e2af2d5-dba8-4bc0-b752-4c9a8fc0aaf1,confess.dental,available,81.98,100.98,high,low,7,namecheap,,,30/09/2026 17:40
9cb49389-165f-4ae0-92a2-d9a9838aadb2,pokey.dental,available,78.99,78.99,medium,low,5,namesilo,,,14/08/2026 07:36
ddfd30c9-448e-4e00-90c8-e8df356142f8,skeptical.dental,available,78.99,78.99,medium,low,9,namesilo,,,14/08/2026 09:34
2d9e24cb-c83d-4ff3-bb6a-de21d9306348,succinct.dental,available,78.99,78.99,high,low,8,namesilo,,,23/09/2026 17:07
cb6da7db-918f-4733-91ec-7f4c8283f1dc,motorbus.dental,available,88.99,94.99,medium,low,8,name.com,,,21/09/2026 05:59
fd4e5a07-1101-4dfa-b9f0-2b1fdd9f7b74,bihar.dental,available,81.98,100.98,high,low,5,namecheap,,,23/09/2026 15:31
736d23b9-b860-42e7-b1e2-f0d366fdb6d2,antihero.dental,available,78.99,78.99,medium,low,8,namesilo,,,19/09/2026 14:35
177c4675-f2ea-453c-b32b-7115853e2eb9,cherub.dental,available,78.99,78.99,high,low,6,namesilo,,,24/09/2026 14:18
2a651ccb-4754-4301-865f-9023bf09235e,advertence.dental,available,78.99,78.99,medium,low,10,namesilo,,,17/09/2026 11:06
97b92e15-8a9a-4139-8caa-6e77ef70d5b0,anomaly.dental,available,78.99,78.99,high,low,7,namesilo,,,19/09/2026 11:28
7db54698-2122-4c24-929d-e57a4212af97,husbandry.dental,available,78.99,78.99,high,low,9,namesilo,,,17/08/2026 22:35
998ee131-5129-4b34-948d-a238e6e00fad,world.dental,premium,242,242,high,medium,5,namesilo,,,27/09/2026 08:03
0f5b4227-5f30-49c8-bbd8-abec7a3c2881,louvain.dental,available,78.99,78.99,medium,low,7,namesilo,,,30/09/2026 05:07
2f477765-5339-41e5-884e-93652a83f1f3,gratis.dental,premium,123.75,123.75,high,low,6,name.com,,,20/08/2026 18:35
d1b333ff-7d17-4026-8ed7-a896f736f895,shaun.dental,available,78.99,78.99,medium,low,5,namesilo,,,29/09/2026 03:45
0258e749-fa0f-4ea8-9b13-bbc4e774e779,optically.dental,available,81.98,100.98,medium,low,9,namecheap,,,15/09/2026 18:03
f819fc87-88c4-41e4-be54-d3155508cc8d,clyde.dental,available,81.98,100.98,high,low,5,namecheap,,,25/09/2026 04:17
13f58d25-9bc1-42e9-82b5-825fa6bbd0f8,parliament.dental,available,60.2,60.2,high,low,10,cloudflare,,,29/09/2026 07:49
3de0d7e4-2a39-4f95-b0e7-d0649b9c4f28,vitality.dental,available,62.31,62.31,high,low,8,porkbun,,,30/09/2026 17:08
ae2d3064-7e35-4ab3-8f41-7c97ce543077,veer.dental,available,60.2,60.2,high,low,4,cloudflare,,,27/09/2026 21:02
555a00c4-6458-425f-a786-d9f2e32631ba,ritzy.dental,available,81.98,100.98,high,low,5,namecheap,,,09/09/2026 18:04
6cd384fd-baa1-4f6b-af0f-6033195419e5,anvil.dental,available,81.98,100.98,high,low,5,namecheap,,,19/09/2026 15:57
978070e6-e6af-4a9e-b3f2-404039510c0b,blackball.dental,available,78.99,78.99,medium,low,9,namesilo,,,03/09/2026 15:03
e415757a-125d-4841-b184-cb5657e3c884,uttered.dental,available,78.99,78.99,medium,low,7,namesilo,,,17/08/2026 18:44
13cdb699-2a29-4dd8-ad6c-8dbfddfc1371,turbid.dental,available,78.99,78.99,medium,low,6,namesilo,,,25/08/2026 01:10
0ebab53f-c20a-4dd4-a311-8fd7f473106c,incorrect.dental,available,78.99,78.99,high,low,9,namesilo,,,25/09/2026 08:08
8209ae12-7c6b-4c17-8c6a-1c547b8cd788,grisly.dental,available,78.99,78.99,medium,low,6,namesilo,,,18/08/2026 23:15
eb137642-7b37-4718-84c5-9d1d0b513842,elaine.dental,available,78.99,78.99,high,low,6,namesilo,,,25/09/2026 15:24
2a227df8-5da2-445d-84d3-d793cb357073,hear.dental,available,62.3,62.3,high,low,4,spaceship,,,30/09/2026 20:01
463a896f-f364-469e-b5c2-1883edbd818b,accentuate.dental,available,78.99,78.99,high,low,10,namesilo,,,16/09/2026 21:56
2b22f5a9-b94a-4b8d-b385-fb6de0a8eb49,balky.dental,available,78.99,78.99,medium,low,5,namesilo,,,08/08/2026 09:55
00d6ff9b-efc4-4990-88fb-51962172eb7c,prolong.dental,available,62.3,62.3,high,low,7,spaceship,,,30/09/2026 19:12
fb9fd5cd-8097-4fe0-bc47-0fa78d205393,bemidji.dental,available,78.99,78.99,medium,low,7,namesilo,,,23/09/2026 07:16
b66c06c9-3b7d-4b2e-946d-11fa926f91cf,marquez.dental,available,78.99,78.99,high,low,7,namesilo,,,30/09/2026 21:51
e2086975-c737-45cd-866e-b88da026ae04,salaried.dental,available,81.98,100.98,high,low,8,namecheap,,,12/08/2026 19:23
57f73243-702f-4291-8f4e-4679bcd4703e,equitable.dental,available,78.99,78.99,high,low,9,namesilo,,,17/08/2026 11:54
0afe63b4-b320-4945-8c7a-85d6be5efebc,dignified.dental,available,78.99,78.99,high,low,9,namesilo,,,24/09/2026 08:18
72765d16-5f0e-4744-8598-f71f16beca71,bsarch.dental,available,81.98,100.98,medium,low,6,namecheap,,,21/09/2026 14:16
f73b42fc-c031-4df1-9db5-ba7f79f51a2c,minor.dental,available,81.98,100.98,high,low,5,namecheap,,,25/09/2026 20:28
9a256c97-ff61-4d32-81cc-189953533971,ornament.dental,available,78.99,78.99,high,low,8,namesilo,,,30/09/2026 09:20
c8ad9a92-d9fd-4422-b18b-f95942430f8c,genocide.dental,available,78.99,78.99,high,low,8,namesilo,,,30/09/2026 01:43
32a6852a-5ce9-4ba0-98d7-58e09281b2d4,vicky.dental,available,62.3,62.3,medium,low,5,spaceship,,,29/09/2026 03:57
093a74fc-e02a-499c-a066-1883f7d8abc9,tecumseh.dental,available,78.99,78.99,medium,low,8,namesilo,,,29/09/2026 08:12
ec063493-cf8f-40ff-9716-5b4af50b9858,astrolabe.dental,available,78.99,78.99,high,low,9,namesilo,,,20/09/2026 17:43
975c7de4-0e2c-4bfc-b6d7-81842a0070c4,singaporean.dental,available,60.2,60.2,high,low,11,cloudflare,,,30/09/2026 11:33
f3f169a7-ec5e-48f1-8683-7172dd77bbc4,mythologic.dental,available,78.99,78.99,medium,low,10,namesilo,,,03/09/2026 12:33
a36406fe-7aea-4850-a98b-abcd890f026a,feisty.dental,available,78.99,78.99,high,low,6,namesilo,,,18/08/2026 00:45
a2b448b0-fd0e-4496-87f8-9543cdc945d2,pdp.dental,available,62.31,62.31,high,low,3,porkbun,,,28/09/2026 21:36
d0a50f94-579f-4f87-94b3-863a926f1098,adlumia.dental,available,81.98,100.98,medium,low,7,namecheap,,,17/09/2026 08:37
c05acf7b-4d54-4fee-9758-2deb680c4911,biogenic.dental,available,78.99,78.99,high,low,8,namesilo,,,10/08/2026 01:27
8b264c54-9a4b-4ccf-8f94-da567f7203b8,unhearing.dental,available,88.99,94.99,medium,low,9,name.com,,,13/08/2026 19:50
4fdde4a5-c1d7-40c4-8d14-ee1adf6ac344,mousy.dental,available,78.99,78.99,medium,low,5,namesilo,,,25/08/2026 08:42
2b2bb3be-4c83-4cc1-9a1b-6921d380516f,astounding.dental,available,78.99,78.99,high,low,10,namesilo,,,22/09/2026 10:29
e6774052-2184-4cdc-9893-43caac9471c0,filipino.dental,available,78.99,78.99,high,low,8,namesilo,,,18/08/2026 04:19
26e2ea27-5fda-4cc5-923f-7bce35409b92,thorne.dental,available,62.3,62.3,medium,low,6,spaceship,,,27/09/2026 20:29
1587f3f5-222c-4f12-8203-9cc50f9cb6e7,malawian.dental,available,78.99,78.99,medium,low,8,namesilo,,,24/08/2026 13:40
101cd2f1-c66b-49b4-b225-0019f78a65c5,invariant.dental,available,78.99,78.99,high,low,9,namesilo,,,12/08/2026 22:54
6f949b8f-dc0c-456b-a1f4-473b9955a1c8,andrea.dental,available,78.99,78.99,high,low,6,namesilo,,,25/09/2026 13:32
b3d37f7e-1888-4f14-b4e1-5bfba245fe64,lose.dental,available,64.42,64.42,medium,low,4,dynadot,,,30/09/2026 04:42
5577ffc7-885a-4cbb-b8b7-57c04a658c0b,viruses.dental,available,64.42,64.42,medium,low,7,dynadot,,,30/09/2026 06:37
35a8c21d-26a2-4dbb-9892-e3238f39131a,decoy.dental,available,62.3,62.3,high,low,5,spaceship,,,30/09/2026 01:16
8ad7be53-0d81-4f49-837e-bbb75455f8ff,grump.dental,available,78.99,78.99,medium,low,5,namesilo,,,13/08/2026 04:58
d8d451a4-0abc-4870-99e0-f280b1a392dd,wilsonian.dental,available,78.99,78.99,medium,low,9,namesilo,,,13/09/2026 12:02
5171514c-4d3c-4596-8d96-b2890bce77df,incredibly.dental,available,78.99,78.99,high,low,10,namesilo,,,14/09/2026 17:21
9c5789de-bdd8-42b3-b957-9c9028f93750,cavern.dental,available,60.2,60.2,high,low,6,cloudflare,,,01/10/2026 01:18
055c2119-1fdd-4ec6-b878-59fad9d40948,catarina.dental,available,62.3,62.3,medium,low,8,spaceship,,,30/09/2026 14:56
95f5b6a6-1559-4939-b6f3-6986bace47f0,potsdam.dental,available,60.2,60.2,high,low,7,cloudflare,,,27/09/2026 15:23
0ab20117-254f-49ef-9a2c-c99d7ce5f778,imprisoned.dental,available,81.98,100.98,medium,low,10,namecheap,,,11/08/2026 18:22
d855d819-8e23-496d-b977-a134e2b40f43,ballistic.dental,available,78.99,78.99,medium,low,9,namesilo,,,08/08/2026 10:31
5abe3e4f-8b95-48e0-a47e-88b4712ea752,hildebrand.dental,available,60.2,60.2,medium,low,10,cloudflare,,,30/09/2026 01:47
484e57c6-3bdc-4d61-865a-f52efdcf94c5,apostrophe.dental,available,81.98,100.98,high,low,10,namecheap,,,19/09/2026 19:30
791da677-e700-477f-b9ef-bab5cc0eb108,decreed.dental,available,78.99,78.99,medium,low,7,namesilo,,,13/08/2026 22:14
25520199-f63e-49b8-86ef-716b0e242413,versailles.dental,available,64.42,64.42,high,low,10,dynadot,,,29/09/2026 19:53
c78fb117-2a7d-4f78-83af-0072a77ff3e6,corpus.dental,available,62.3,62.3,high,low,6,spaceship,,,30/09/2026 16:48
258a1c8e-382c-4ff6-adc1-62c57ca13420,lifeboat.dental,available,62.3,62.3,high,low,8,spaceship,,,29/09/2026 19:32
1bec8970-c0f1-41d5-8d02-a080f8cc218d,vexing.dental,available,78.99,78.99,medium,low,6,namesilo,,,
3c1d1e67-8374-4024-9aa3-8e0cb0aae347,unclipped.dental,available,78.99,78.99,medium,low,9,namesilo,,,12/09/2026 05:25
f5d79d10-38d0-4cab-9363-e9c7bb27844a,slices.dental,available,78.99,78.99,medium,low,6,namesilo,,,30/09/2026 15:42
1932247a-b105-442f-b1b7-4ed3af03b342,gabe.dental,available,64.42,64.42,high,low,4,dynadot,,,29/09/2026 09:24
963ac451-8f55-4eb1-aa71-53cca96c6270,crawling.dental,available,81.98,100.98,medium,low,8,namecheap,,,28/09/2026 05:30
3421594e-1a0d-4a5f-a4d6-f3d96367b962,nutcase.dental,available,78.99,78.99,medium,low,7,namesilo,,,13/08/2026 05:36
8138ddbd-784c-48f7-b442-e3dc1952370b,voodoo.dental,available,62.3,62.3,high,low,6,spaceship,,,29/09/2026 00:55
b2614f78-afb8-4e15-b923-d457c4e0f62f,quelled.dental,available,78.99,78.99,medium,low,7,namesilo,,,09/09/2026 08:24
3a6978dd-0375-4482-b589-5939d14b83c6,acropolis.dental,available,78.99,78.99,high,low,9,namesilo,,,17/09/2026 03:57
e06f53c8-66a6-476d-8f04-1df58fb201c3,seriously.dental,available,78.99,78.99,medium,low,9,namesilo,,,28/09/2026 13:17
c92f87dc-323b-4bc7-af0e-c7dc9b146186,virile.dental,available,78.99,78.99,medium,low,6,namesilo,,,13/09/2026 06:04
1f206808-8a0b-47c4-920d-0b8226efbb3a,wisdom.dental,resell,,,high,medium,6,"GoDaddy.com, LLC",15/02/2016 03:44,15/02/2027 03:44,30/09/2026 10:34
343fe81a-f579-4ba5-b90b-90c1654abeb5,phenomena.dental,available,62.3,62.3,medium,low,9,spaceship,,,29/09/2026 22:50
d4963763-c1ad-4b4c-b372-663ac6972b44,walkabout.dental,available,59.98,,high,low,10,namecheap,,,
a3ae8079-836f-4383-9e4e-b0611c7cff9e,spaceman.dental,available,81.98,100.98,high,low,8,namecheap,,,20/09/2026 17:58
25328f0d-46dd-4628-b655-b08b7da05f55,parliamentary.dental,available,59.98,,medium,low,13,namecheap,,,
ff511467-5e92-4e2b-9c06-2e1090309d70,genoese.dental,available,78.99,78.99,high,low,7,namesilo,,,18/08/2026 21:48
a2be7b01-b574-47c8-a3e4-cc7585db4110,arizona.dental,premium,260,260,high,low,7,namecheap,,,20/09/2026 06:05
bde8c58d-dd4b-4700-a345-6fa02fd2096b,badaga.dental,available,78.99,78.99,medium,low,6,namesilo,,,21/09/2026 16:58
71b61bdc-f7bd-40ce-8ef7-173f8d38593f,venom.dental,available,64.42,64.42,high,low,5,dynadot,,,29/09/2026 07:31
43a31564-343c-4f73-a4bf-0f7f142e6683,osman.dental,available,62.3,62.3,medium,low,5,spaceship,,,28/09/2026 22:06
e148fc1b-cf35-49c1-b9ae-a6a7a4191699,justification.dental,available,59.98,,medium,low,13,namecheap,,,
b1e3ec08-141c-4642-ac39-252f3ae92b87,budding.dental,available,78.99,78.99,high,low,7,namesilo,,,11/08/2026 07:42
cbadcf47-114f-45b5-83a0-c2581a3e96c4,blether.dental,available,81.98,100.98,medium,low,7,namecheap,,,24/09/2026 04:49
458671f8-33a7-4532-869a-2238c89c504c,gourmet.dental,available,78.99,78.99,high,low,7,namesilo,,,24/09/2026 14:33
507bbdf0-2fb2-429a-b5b3-f0b91ef5071c,cyclic.dental,available,88.99,94.99,high,low,6,name.com,,,13/08/2026 13:31
4b5e110d-2fdc-4cf2-844e-ec234f56db38,adipose.dental,available,78.99,78.99,medium,low,7,namesilo,,,
37baa33f-c8d8-47e3-881e-bab235faad56,painkiller.dental,available,78.99,78.99,high,low,10,namesilo,,,
60e32043-600e-4b4e-bd6c-1720bd94a0b1,huts.dental,available,60.2,60.2,medium,low,4,cloudflare,,,30/09/2026 15:30
81403c99-557c-493f-8361-228fd1bee981,gamble.dental,available,78.99,78.99,high,low,6,namesilo,,,17/09/2026 10:37
7bb07538-a8d5-4966-8675-48a5e2a069ab,payload.dental,available,78.99,78.99,high,low,7,namesilo,,,30/09/2026 08:58
b396987c-8653-40f8-9592-a63b74255069,footwear.dental,available,62.3,62.3,high,low,8,spaceship,,,01/10/2026 03:31
53f0aeeb-52bb-4846-9a83-6dcde70b27a3,cord.dental,available,62.3,62.3,high,low,4,spaceship,,,29/09/2026 11:36
09443a6b-0bc4-451d-aed1-eb76fc50272c,joshi.dental,available,62.31,62.31,high,low,5,porkbun,,,29/09/2026 14:31
8f099be7-59ab-4f12-bdf3-23226ed3c10a,seized.dental,available,59.98,,medium,low,6,namecheap,,,
737c090d-9af5-4c2e-b86f-96475582680b,basaltic.dental,available,78.99,78.99,medium,low,8,namesilo,,,08/08/2026 21:29
7952a526-2511-485e-bdfb-7110783affdd,insulted.dental,available,62.3,62.3,low,low,8,spaceship,,,28/09/2026 23:30
49c71fc9-4f89-4965-b5ed-cd98e7c0dd66,affixal.dental,available,78.99,78.99,medium,low,7,namesilo,,,
0eec6e95-4a38-4d92-9a45-a83ffcab8a71,usefulness.dental,available,81.98,100.98,high,low,10,namecheap,,,30/09/2026 19:05
07dc5bae-66b7-4d3a-82d2-8f4cac11303b,comedo.dental,available,81.98,100.98,medium,low,6,namecheap,,,24/09/2026 02:47
dfdb3917-1793-480b-af58-bcfd509280d7,folder.dental,available,78.99,78.99,high,low,6,namesilo,,,29/09/2026 03:36
06361f01-76e4-4781-bc1b-768732378152,harley.dental,resell,,,high,low,6,Mesh Digital Limited,18/08/2014 11:19,18/08/2027 11:19,26/09/2026 06:35
bcb90f55-ff2b-4646-bba8-bc99a13c7e9a,starlit.dental,available,81.98,100.98,medium,low,7,namecheap,,,10/09/2026 18:56
7ffe6ca8-0fc3-4e40-84e6-e2d1e94e14cf,ensure.dental,available,62.3,62.3,high,low,6,spaceship,,,30/09/2026 15:26
3f66eff7-b578-4672-9c7d-0a35b72d8877,downturn.dental,available,78.99,78.99,medium,low,8,namesilo,,,24/09/2026 23:42
1d3d09a3-5891-4747-8c05-0c3b95a80a75,jacobs.dental,available,62.3,62.3,high,low,6,spaceship,,,28/09/2026 20:14
dc642855-532a-4f4e-bb86-5cd9c95d7bbc,honor.dental,available,81.98,100.98,high,low,5,namecheap,,,28/09/2026 06:43
392f52c6-8164-483d-b0c4-7e9cf2c894c0,benzedrine.dental,available,78.99,78.99,medium,low,10,namesilo,,,23/09/2026 08:31
8fe88df0-2223-4967-91ef-8013af2e855c,reel.dental,available,78.99,78.99,high,low,4,namesilo,,,24/09/2026 06:24
e5895f6a-16ba-40af-9bd2-226dee826238,subsets.dental,available,81.98,100.98,medium,low,7,namecheap,,,21/09/2026 01:05
d903a908-4f4f-49a5-92c5-54f07c37c216,reportedly.dental,available,78.99,78.99,medium,low,10,namesilo,,,15/09/2026 23:15
614eee1a-625f-4ee7-97cb-5528e57253fa,cloudlike.dental,available,78.99,78.99,medium,low,9,namesilo,,,12/08/2026 12:38
27bbdc9d-f910-4b7e-a10e-3535d2692ffb,nicholas.dental,available,78.99,78.99,high,low,8,namesilo,,,28/09/2026 02:29
c612120c-9905-4f6b-871b-c46e3f8631be,arulo.dental,available,78.99,78.99,medium,low,5,namesilo,,,20/09/2026 12:11
72c649b3-d828-4e53-9b27-e07b87ee052a,orienting.dental,available,81.98,100.98,high,low,9,namecheap,,,04/09/2026 17:56
e37d4653-0373-4cef-a7c3-b93931f205df,minutely.dental,available,78.99,78.99,medium,low,8,namesilo,,,15/09/2026 15:04
3b78a557-a102-4e5c-a415-55baea2f9344,encyclical.dental,available,78.99,78.99,medium,low,10,namesilo,,,17/08/2026 00:42
7c40df49-dfa1-484f-9010-41c99317274e,sniffing.dental,available,64.42,64.42,medium,low,8,dynadot,,,30/09/2026 20:12
5ad2b983-f1c0-459f-bf1e-a71a9e4f2c40,gainfully.dental,available,81.98,100.98,medium,low,9,namecheap,,,14/09/2026 20:58
9019f865-c5e1-4f6f-841e-5146efaa77fa,unrested.dental,available,81.98,100.98,medium,low,8,namecheap,,,12/09/2026 18:02
53f2e0b6-f43d-4d41-8599-c05aca348486,intoxicated.dental,available,60.2,60.2,medium,low,11,cloudflare,,,30/09/2026 03:42
1683658f-ad55-4c64-8d6e-91295c26941b,darrell.dental,available,78.99,78.99,low,low,7,namesilo,,,28/09/2026 13:15
7dacbd61-bc61-4f95-ad43-752b60fd4d5d,tomorrows.dental,available,81.98,100.98,medium,low,9,namecheap,,,21/09/2026 09:58
5b4683eb-0d81-475d-8fb0-1481476372a9,starch.dental,available,81.98,100.98,high,low,6,namecheap,,,19/09/2026 00:32
3649db86-433e-4a48-bb4c-78f1e40ff012,cane.dental,available,62.3,62.3,medium,low,4,spaceship,,,29/09/2026 06:33
edaf0402-c3b8-47ef-bfe3-167919554f83,arrears.dental,available,78.99,78.99,medium,low,7,namesilo,,,20/09/2026 08:55
eeebc14d-91a1-4de5-918d-1ddce3d2f6c0,maury.dental,available,78.99,78.99,medium,low,5,namesilo,,,29/09/2026 03:39
1b16074f-8fdd-47f2-8400-ac497b69c1da,groupe.dental,available,62.3,62.3,high,low,6,spaceship,,,30/09/2026 12:13
d089eea0-309d-4ff1-b550-a0810d1e0601,agnostic.dental,available,78.99,78.99,high,low,8,namesilo,,,21/09/2026 23:11
8455ad22-b4e2-4465-8334-8f54fabb64cf,kristin.dental,available,64.42,64.42,medium,low,7,dynadot,,,29/09/2026 03:57
81c1a838-4ee9-4370-9d75-ba97d0579558,antido.dental,available,78.99,78.99,medium,low,6,namesilo,,,19/09/2026 14:17
debc6676-44d3-46b6-8da3-4be6615fbcb8,ganja.dental,available,78.99,78.99,high,low,5,namesilo,,,29/09/2026 06:40
40178b81-e873-41c6-9482-3d037d7bfe5a,hicks.dental,available,78.99,78.99,medium,low,5,namesilo,,,28/09/2026 12:48
8f033de0-9fe4-4bbe-8596-6f91b4f6ecfe,magnitude.dental,available,60.2,60.2,high,low,9,cloudflare,,,29/09/2026 01:37
b8a6b8d6-4cd8-4887-aa46-2425d25a0953,attender.dental,available,78.99,78.99,medium,low,8,namesilo,,,07/08/2026 15:17
23262808-23ca-4572-a955-48a2b71144d0,holland.dental,available,62.31,62.31,high,low,7,porkbun,,,28/09/2026 02:07
d5d3af20-a1d1-4b84-81b8-9328d982e1a1,fungous.dental,available,78.99,78.99,medium,low,7,namesilo,,,18/08/2026 18:30
045081e5-b1bf-4f27-9dc1-b859e30a2aaf,cruelty.dental,available,81.98,100.98,medium,low,7,namecheap,,,24/09/2026 19:49
bb06f1c8-43f2-4e24-ab6b-5d83687c9b74,contrived.dental,available,78.99,78.99,medium,low,9,namesilo,,,12/08/2026 23:42
0a76612e-575c-4f4f-b786-2e2a1901817b,unfit.dental,available,78.99,78.99,medium,low,5,namesilo,,,12/09/2026 10:23
e55be348-430c-43df-8a89-89c7e80e036d,pelvic.dental,available,78.99,78.99,high,low,6,namesilo,,,08/09/2026 13:42
56eca19f-2fb8-473d-879a-e90892884498,comparably.dental,available,78.99,78.99,medium,low,10,namesilo,,,14/09/2026 07:37
e3dda2e3-1f73-408d-bc5a-4647f6a9657e,inform.dental,available,60.2,60.2,high,low,6,cloudflare,,,30/09/2026 20:20
bae659f0-4fe9-4bd1-b89d-f4da7918822d,antiracist.dental,available,59.98,,high,low,11,namecheap,,,
f25f913d-72fb-474a-a85b-161e536de30a,sec.dental,available,78.99,78.99,high,low,3,namesilo,,,27/09/2026 19:20
acb33926-7592-4dce-8089-ff0011c51d7a,gran.dental,available,62.3,62.3,high,low,4,spaceship,,,29/09/2026 21:17
8bd13310-d457-441e-aba0-ec3f62f84649,swaggie.dental,available,78.99,78.99,medium,low,7,namesilo,,,11/09/2026 05:03
5282bb5a-e454-4e13-80b0-ede1c09c40f4,hackmatack.dental,available,81.98,100.98,medium,low,10,namecheap,,,22/09/2026 00:09
83d77214-3661-48b6-ab67-f9c45f2364b0,hui.dental,available,78.99,78.99,high,low,3,namesilo,,,27/09/2026 07:46
31afe2b3-d048-4aec-b8c0-f346defe48e8,bivalent.dental,available,78.99,78.99,high,low,8,namesilo,,,10/08/2026 08:58
c9b98215-99f0-4036-9f20-3627c6cf0862,rolling.dental,available,78.99,78.99,high,low,7,namesilo,,,19/09/2026 06:51
2524af19-ce8f-4c06-bec2-193b5b82f22f,fourteen.dental,available,78.99,78.99,high,low,8,namesilo,,,21/09/2026 11:38
136874b5-7806-4bd5-a8b7-4b1f3c11590f,aventurine.dental,available,78.99,78.99,medium,low,10,namesilo,,,21/09/2026 09:07
73d00f3a-6ac8-4f17-a642-bfec31e146cf,taxation.dental,available,62.3,62.3,high,low,8,spaceship,,,30/09/2026 10:13
a79564ad-3fd6-4162-801a-cf64fe37565c,brothers.dental,available,78.99,78.99,high,low,8,namesilo,,,
93721f41-ba3e-4670-a00a-011caba80022,diagnose.dental,available,62.3,62.3,high,low,8,spaceship,,,30/09/2026 19:11
30d95a40-84dc-48d3-aac9-e00efa29e744,sympatric.dental,available,78.99,78.99,medium,low,9,namesilo,,,11/09/2026 06:05
6cf8b50a-2fc6-4e32-b3ea-a936dd9d2c4d,dubious.dental,available,78.99,78.99,medium,low,7,namesilo,,,14/08/2026 16:57
76cec1d6-5850-4630-b690-234d0249b8d5,nonmetric.dental,available,81.98,100.98,medium,low,10,namecheap,,,03/09/2026 18:30
1fa81ae5-690a-49b5-a613-bd1a21aeb13b,insomnia.dental,available,60.2,60.2,high,low,8,cloudflare,,,29/09/2026 13:08
7a74e9ac-deca-431e-9086-942a9cf1251d,lassen.dental,available,62.31,62.31,medium,low,6,porkbun,,,30/09/2026 05:22
6345c9e3-bec4-4e9d-9122-9597d3f562eb,confessional.dental,available,60.2,60.2,high,low,12,cloudflare,,,30/09/2026 03:45
bb58ba8e-12d4-496e-a5b8-ba0a52b017fa,fixed.dental,available,81.98,100.98,high,low,5,namecheap,,,24/09/2026 19:10
10f04029-62de-482b-adf4-e22075e55670,noaa.dental,available,78.99,78.99,high,low,4,namesilo,,,28/09/2026 02:28
901a4f6e-3492-4dcf-8fdc-c2b3d42bf1d3,teeming.dental,available,78.99,78.99,high,low,7,namesilo,,,11/09/2026 10:05
0432dd78-3538-4f92-b825-3192b1b67396,bawling.dental,available,78.99,78.99,medium,low,7,namesilo,,,13/09/2026 07:42
0de9838e-6557-4da2-98f9-545b71ea11dc,wysiwyg.dental,available,78.99,78.99,high,low,7,namesilo,,,13/09/2026 13:51
456c0c26-a590-4767-8caa-2a100821c468,monacan.dental,available,78.99,78.99,medium,low,7,namesilo,,,25/08/2026 04:01
21ec5ce5-2918-4a3c-9a02-bf9c11da5324,probable.dental,available,78.99,78.99,high,low,8,namesilo,,,27/09/2026 06:59
5bd93316-1788-4265-8140-b4896158633a,antbird.dental,available,78.99,78.99,medium,low,7,namesilo,,,19/09/2026 12:17
db17b5ba-b908-4db7-8cb2-6a707c60b74d,saddle.dental,available,62.3,62.3,high,low,6,spaceship,,,29/09/2026 02:22
1444d6c5-79c5-4ad4-84d2-34b8ec40ea09,fabricated.dental,available,81.98,100.98,medium,low,10,namecheap,,,17/08/2026 20:15
44e980f8-78f4-410b-ad31-6acfefb24dfc,billyo.dental,available,78.99,78.99,medium,low,6,namesilo,,,18/09/2026 09:10
d959da26-91da-44dd-8469-78e0dfed5575,know.dental,available,62.3,62.3,high,low,4,spaceship,,,29/09/2026 20:04
00cf4cb5-228c-4db0-9963-f5fb7a0dc08d,overdue.dental,available,78.99,78.99,medium,low,7,namesilo,,,26/09/2026 03:28
f9a1ef32-31f0-46fd-a5b6-d6d0fa322571,zygoma.dental,available,78.99,78.99,medium,low,6,namesilo,,,20/09/2026 03:03
32f9156f-fcab-42fc-a830-c1a8b1cbaa75,barbarossa.dental,available,78.99,78.99,medium,low,10,namesilo,,,22/09/2026 04:31
18d9fbfe-eeb2-4de4-8cf9-deb1cf4e8126,pours.dental,available,78.99,78.99,medium,low,5,namesilo,,,18/09/2026 07:35
090aeb87-90dc-4a06-ae15-317eff11b903,smallpox.dental,available,62.3,62.3,medium,low,8,spaceship,,,29/09/2026 02:12
89db9e31-ee45-4279-8008-67810f85d6bf,esp.dental,available,81.98,100.98,high,low,3,namecheap,,,24/09/2026 15:12
4b3d18c2-b87f-4524-9eeb-50c6f9fc6bb7,sejm.dental,available,78.99,78.99,high,low,4,namesilo,,,30/09/2026 20:42
8e2054e1-8815-475a-b6e0-267743a14ee4,facile.dental,available,78.99,78.99,high,low,6,namesilo,,,16/08/2026 06:16
73851611-559f-438a-b5a3-c8cf8da09fbf,idly.dental,available,78.99,78.99,high,low,4,namesilo,,,15/09/2026 01:38
4575bbcd-cb89-44f6-bd5a-e310f75fa823,disabled.dental,available,78.99,78.99,high,low,8,namesilo,,,24/09/2026 10:55
3f9bc971-93af-43d3-9a32-53726a66260e,muriel.dental,available,81.98,100.98,medium,low,6,namecheap,,,28/09/2026 12:06
1b61c30d-5bd6-4de2-9749-0e80865034c3,pleasures.dental,available,78.99,78.99,medium,low,9,namesilo,,,29/09/2026 16:55
d4eeeef8-607e-45a7-a6b4-f1c75646dbce,observer.dental,available,78.99,78.99,high,low,8,namesilo,,,27/09/2026 03:30
851605af-b42a-4d88-bd55-b43083140b1a,swosh.dental,available,78.99,78.99,medium,low,5,namesilo,,,11/09/2026 05:50
9b7877f2-668f-40bd-b4e8-39b3b528fc31,umm.dental,available,62.3,62.3,high,low,3,spaceship,,,29/09/2026 21:18
1e6e95f6-0976-491c-8f1b-f05d3a7c3583,graphical.dental,available,78.99,78.99,high,low,9,namesilo,,,20/08/2026 18:11
7ec08f51-7b47-4d7f-b4c2-9bd92a3f2e79,elkhart.dental,available,60.2,60.2,medium,low,7,cloudflare,,,30/09/2026 13:59
c177dac9-a437-4313-a636-0bc9a5dc6e75,vesalius.dental,available,81.98,100.98,medium,low,8,namecheap,,,19/09/2026 04:28
f2578b67-2a3d-4429-bc47-e418567bdd8e,apophasis.dental,available,81.98,100.98,medium,low,9,namecheap,,,19/09/2026 19:01
6e9b7da9-d6e9-4be2-b364-819aa17b57fa,crossword.dental,available,81.98,100.98,high,low,9,namecheap,,,24/09/2026 19:41
d6598f95-649f-48b5-94d0-384751196b19,swing.dental,available,119.99,119.99,high,low,5,godaddy,,,28/09/2026 02:11
b913ae15-8bb6-410c-b941-1bffec86fe44,arrived.dental,available,78.99,78.99,medium,low,7,namesilo,,,17/09/2026 14:03
b4c0750f-a197-449d-a52c-f5a063fe0c27,kenyon.dental,available,78.99,78.99,medium,low,6,namesilo,,,28/09/2026 04:16
f6081d3f-4c6c-4dd4-92ea-4381c3d2b760,bel.dental,available,78.99,78.99,high,low,3,namesilo,,,23/09/2026 04:21
1ebb3acd-c106-4c86-b468-144eabcbb813,husbands.dental,available,62.3,62.3,medium,low,8,spaceship,,,27/09/2026 18:17
c5edcab8-a768-4117-a1ff-74b7384d8d08,finely.dental,available,78.99,78.99,high,low,6,namesilo,,,14/09/2026 11:23
fc5eb987-85c0-4829-9b00-a810a7530724,unbelievable.dental,available,60.2,60.2,high,low,12,cloudflare,,,28/09/2026 07:08
68b44002-ff13-4858-b2ea-5419ca0a2c14,projection.dental,available,78.99,78.99,high,low,10,namesilo,,,22/08/2026 14:54
efe52fa4-030c-4455-aad7-33fdcca47211,van.dental,available,78.99,78.99,high,low,3,namesilo,,,22/09/2026 14:26
be6841cc-ce79-4d25-9e4c-744771d00b9b,unreliable.dental,available,81.98,100.98,high,low,10,namecheap,,,11/09/2026 19:06
9bf61928-d4f7-4a8e-97ce-2299537d526b,demoralize.dental,available,78.99,78.99,medium,low,10,namesilo,,,13/08/2026 02:16
2d5b49b6-9a38-46b6-b2aa-3d9628890609,montevideo.dental,available,78.99,78.99,high,low,10,namesilo,,,24/09/2026 12:30
e5f11e23-4053-4f31-93be-7780fa739368,remnants.dental,available,78.99,78.99,medium,low,8,namesilo,,,30/09/2026 23:45
07dfcb5f-67f9-441a-b519-be8f1db66168,reproduce.dental,available,60.2,60.2,high,low,9,cloudflare,,,28/09/2026 20:51
b8024c7b-bad2-45cc-8baa-8670396375cc,begins.dental,available,81.98,100.98,medium,low,6,namecheap,,,25/09/2026 20:45
94423abf-dcb5-4619-b1d5-c07656f8495a,doorman.dental,available,81.98,100.98,high,low,7,namecheap,,,01/10/2026 01:48
30749f0d-c3f1-47ec-86cc-129929599de3,orderly.dental,available,78.99,78.99,high,low,7,namesilo,,,03/09/2026 14:34
2baad4d2-b049-4e9f-9970-475f476cdb49,yelling.dental,available,60.2,60.2,high,low,7,cloudflare,,,28/09/2026 06:53
83acfa28-0fd5-4524-8256-a67ff571289f,ashland.dental,available,78.99,78.99,high,low,7,namesilo,,,27/09/2026 08:14
b649ca7f-4392-4118-8daa-f13b25faf50e,tendency.dental,available,78.99,78.99,high,low,8,namesilo,,,22/08/2026 22:11
b3e6bf9f-eef3-4e00-9d46-aef3e0944421,metrical.dental,available,78.99,78.99,medium,low,8,namesilo,,,24/08/2026 22:08
1e6feec1-161a-4b8f-92fa-27c2262613ab,farragut.dental,available,60.2,60.2,high,low,8,cloudflare,,,30/09/2026 16:57
31f22a37-d6a7-4243-bf2d-9f2a629eabe6,townshend.dental,available,60.2,60.2,medium,low,9,cloudflare,,,29/09/2026 04:20
21af458f-9abf-40b7-95ff-4bd34b213fd4,tolerate.dental,available,78.99,78.99,high,low,8,namesilo,,,24/09/2026 10:45
1c30d7db-65e1-4f42-8b3c-8e3f6c3f98ad,arching.dental,available,78.99,78.99,medium,low,7,namesilo,,,06/08/2026 14:39
95efe154-42fe-4e5f-b501-df8d5700c4ee,tuning.dental,available,64.42,64.42,high,low,6,dynadot,,,29/09/2026 08:16
90cf459a-e527-44a9-be73-fbc976996898,cozily.dental,available,78.99,78.99,medium,low,6,namesilo,,,14/09/2026 08:48
375b39d0-5f5e-4cec-91f7-64971eee2e00,curst.dental,available,78.99,78.99,medium,low,5,namesilo,,,13/08/2026 11:34
167f5ace-eb8c-443d-b5ce-fe4b3d4757ba,unfaithful.dental,available,81.98,100.98,medium,low,10,namecheap,,,17/08/2026 21:18
31415502-d123-4f36-a8a6-180fcd049c73,iona.dental,available,78.99,78.99,high,low,4,namesilo,,,29/09/2026 22:09
0479c0cf-3133-459a-af2f-1ccc31dcdd07,accumulated.dental,available,62.3,62.3,medium,low,11,spaceship,,,30/09/2026 22:32
3b853093-1ec4-475e-8222-c9a631b0e6fa,phantasma.dental,available,78.99,78.99,high,low,9,namesilo,,,08/09/2026 18:38
d4037122-679c-4dba-986e-d299b0856e8c,dunes.dental,available,62.3,62.3,low,low,5,spaceship,,,30/09/2026 15:48
48586a7f-305d-456d-80bd-b31ce911219a,becomes.dental,available,78.99,78.99,medium,low,7,namesilo,,,27/09/2026 10:31
f899790f-ab1c-4d8f-bf45-ca186ace46d7,barrel.dental,available,78.99,78.99,high,low,6,namesilo,,,22/09/2026 08:08
d5fae191-1c1b-4324-907d-a1571dcd61fd,capt.dental,available,88.99,94.99,high,low,4,name.com,,,25/09/2026 12:23
05b99596-358a-4452-8ae4-e159d67bb3a5,singing.dental,available,78.99,78.99,high,low,7,namesilo,,,11/08/2026 17:40
a5df9d8c-23aa-4dda-a8eb-e69dceeda0d7,consume.dental,available,78.99,78.99,high,low,7,namesilo,,,29/09/2026 02:37
103c2a7b-cfac-4058-8459-54c53ef2ecc4,latest.dental,premium,242,242,high,low,6,namesilo,,,
b173cb60-ea45-4793-bab1-46c9e78f38da,vapor.dental,available,81.98,100.98,high,low,5,namecheap,,,29/09/2026 18:48
161fa287-f88e-470f-aa80-47a1989b556a,salts.dental,available,78.99,78.99,medium,low,5,namesilo,,,20/09/2026 01:25
da104f7e-dc0a-4d63-a40d-a71b123b4fd9,arachnoid.dental,available,78.99,78.99,medium,low,9,namesilo,,,06/08/2026 11:41
160e5db8-1885-4d8a-b779-63a1ff317a8d,bedroll.dental,available,78.99,78.99,medium,low,7,namesilo,,,22/09/2026 23:33
925621d1-fcd4-4e50-8a15-42e7cfa2ff9b,accrual.dental,available,78.99,78.99,medium,low,7,namesilo,,,16/09/2026 23:14
25f2a05a-4257-4b03-ba7e-b74d8cf8d3c8,meeting.dental,available,78.99,78.99,high,low,7,namesilo,,,28/09/2026 07:59
fb578909-e4d9-482e-be6a-69896a8e94ed,yobbo.dental,available,78.99,78.99,medium,low,5,namesilo,,,11/08/2026 08:50
be846465-dbce-452b-87e1-e183d4cc7fe8,provinces.dental,available,78.99,78.99,medium,low,9,namesilo,,,18/09/2026 15:35
579833e9-7241-4f50-9578-d073f80727e7,algonkin.dental,available,78.99,78.99,medium,low,8,namesilo,,,
4d7cfde1-3ce2-4520-b981-6307b2008574,crowing.dental,available,78.99,78.99,medium,low,7,namesilo,,,10/08/2026 16:37
1577f232-7452-407a-b8a7-845a008ecaf5,miraculous.dental,available,78.99,78.99,high,low,10,namesilo,,,21/08/2026 02:29
c2e28c9c-237e-428d-8a3f-e4a78c2a4e5d,pleading.dental,available,78.99,78.99,medium,low,8,namesilo,,,09/08/2026 15:21
40340067-63e1-4139-a74e-a3fd7b3f4bd7,nara.dental,available,62.3,62.3,medium,low,4,spaceship,,,28/09/2026 06:27
2e2ed35a-3e32-4625-81d5-12bea81fcda0,babu.dental,available,81.98,100.98,medium,low,4,namecheap,,,21/09/2026 12:51
74a0578a-470b-46f1-b679-e3187dc0cc72,airpost.dental,available,78.99,78.99,medium,low,7,namesilo,,,17/09/2026 23:19
14589008-f413-49d7-8164-d965916264db,panting.dental,available,64.42,64.42,medium,low,7,dynadot,,,01/10/2026 03:15
2372a52a-1bd2-4a12-b58c-e0b84103f8a7,lombardy.dental,available,64.42,64.42,medium,low,8,dynadot,,,28/09/2026 10:16
dcdd663a-8005-4299-a462-d2408ed379c4,danny.dental,available,81.98,100.98,medium,low,5,namecheap,,,25/09/2026 17:19
97cf4d5b-980e-40a5-819a-fbae00bfc0c5,achromatic.dental,available,78.99,78.99,medium,low,10,namesilo,,,
dc375b52-1f06-4ec7-9cf3-9fd7e98f1b30,betray.dental,available,81.98,100.98,medium,low,6,namecheap,,,28/09/2026 13:49
dd3ce678-1c8f-4a24-9d91-405c7662f1df,treasures.dental,available,78.99,78.99,medium,low,9,namesilo,,,29/09/2026 05:28
8572df33-7459-4f75-8512-1545cee76241,krai.dental,available,78.99,78.99,medium,low,4,namesilo,,,30/09/2026 04:19
413e1638-eedf-4c0b-8c26-f9962bd18366,noseless.dental,available,78.99,78.99,low,low,8,namesilo,,,03/09/2026 21:47
a17f218f-f546-435f-a564-fe3a30d1e147,acapnia.dental,available,81.98,100.98,medium,low,7,namecheap,,,16/09/2026 21:08
5af14576-7049-441d-a9bf-614355234ac3,ares.dental,available,78.99,78.99,high,low,4,namesilo,,,20/09/2026 04:02
08ce1bb9-5ccb-40b4-a293-0cd011d7877e,ashe.dental,available,78.99,78.99,high,low,4,namesilo,,,20/09/2026 10:46
49a30505-aed4-4b8b-9ce2-c5f123ee8b43,mismatched.dental,available,78.99,78.99,medium,low,10,namesilo,,,25/08/2026 01:36
8dad9ce7-4701-493e-940b-9709282ea7ab,austral.dental,available,78.99,78.99,medium,low,7,namesilo,,,07/08/2026 18:26
b16e8c24-27bf-4949-bb88-1d2aaeedd999,orchestra.dental,available,81.98,100.98,high,low,9,namecheap,,,30/09/2026 06:11
064021c7-1fad-4298-bc5b-1629ccaeb45d,rebellious.dental,available,78.99,78.99,medium,low,10,namesilo,,,14/08/2026 09:25
2366849d-101b-4a5a-bb39-52c5f84a7fe9,whiten.dental,premium,260,260,high,low,6,namecheap,,,28/09/2026 10:28
b50bef51-c83d-453d-a6ae-01bf9dc8f1c9,barrelfish.dental,available,81.98,100.98,medium,low,10,namecheap,,,22/09/2026 08:20
f9bbb847-976e-46db-97f6-98ac4c831eca,wales.dental,premium,242,242,high,low,5,namesilo,,,29/09/2026 06:12
03f2cd17-8994-4143-8a45-41c6ddae15d3,stitch.dental,available,78.99,78.99,high,low,6,namesilo,,,28/09/2026 06:46
7ac49a19-b07a-489d-a7d5-a53628a4fc0c,shrine.dental,available,62.3,62.3,high,low,6,spaceship,,,28/09/2026 10:54
62b1fedc-6a6a-41c8-a851-dd5b246bc83d,provided.dental,available,78.99,78.99,medium,low,8,namesilo,,,16/09/2026 09:17
3aaa68a4-eac2-4c5a-a857-7b78d7ed7fc2,displays.dental,available,62.3,62.3,medium,low,8,spaceship,,,30/09/2026 00:15
71c8d4e5-cab8-4940-a530-fbe2e24027a1,maddened.dental,available,78.99,78.99,medium,low,8,namesilo,,,
ab23e620-5176-4ab4-8cad-8262d2a8363a,isfahan.dental,available,78.99,78.99,medium,low,7,namesilo,,,20/09/2026 14:32
5be04dba-785c-46ad-bb6a-eea41c6482c4,enteric.dental,available,78.99,78.99,medium,low,7,namesilo,,,17/08/2026 09:53
5b08fb5e-a48d-47b9-b7b4-a9d2deffeda3,lotte.dental,available,78.99,78.99,high,low,5,namesilo,,,18/09/2026 11:43
252ee86b-926c-45d4-a560-2c1241320e1d,sylvester.dental,available,64.42,64.42,high,low,9,dynadot,,,29/09/2026 15:28
f312ab39-95d2-4365-a2ad-b23d9a3a183d,elects.dental,available,78.99,78.99,medium,low,6,namesilo,,,21/09/2026 04:31
593f5ece-95bf-405a-b029-e6ef7b10b14e,precursors.dental,available,78.99,78.99,medium,low,10,namesilo,,,21/09/2026 00:35
7a899290-04aa-47fe-a3e1-88278ce0d8a6,autolytic.dental,available,78.99,78.99,medium,low,9,namesilo,,,07/08/2026 20:42
9636c99b-d6a0-4a7a-9b0a-e0dd69f3bd72,litchfield.dental,available,62.3,62.3,medium,low,10,spaceship,,,28/09/2026 21:40
83c63543-c036-438e-b9a6-f4f3d5b7fcc4,symmetrical.dental,available,60.2,60.2,high,low,11,cloudflare,,,30/09/2026 03:46
58c54afd-5e82-46ae-9cc6-7a85c4f89bdf,surname.dental,available,62.3,62.3,high,low,7,spaceship,,,29/09/2026 06:51
2c4770a7-f0d4-485e-9084-b4a9395ac7d7,arras.dental,available,78.99,78.99,medium,low,5,namesilo,,,20/09/2026 08:49
a6fc8bbe-6622-4ee5-8a66-f52968676f42,genteel.dental,available,78.99,78.99,medium,low,7,namesilo,,,13/08/2026 10:19
1683ffc1-5da6-4458-afce-7fd311b6a317,collide.dental,available,78.99,78.99,high,low,7,namesilo,,,24/09/2026 15:18
0d312bb8-a353-44f6-89b5-d0e588959ee5,cornwall.dental,premium,102.67,102.67,medium,low,8,spaceship,,,29/09/2026 06:24
29deb3a5-658d-4ed5-9a0a-d7e8b5080a62,archivist.dental,available,78.99,78.99,high,low,9,namesilo,,,20/09/2026 02:21
6e73b2cc-3dcf-4319-90e4-2f425237da5c,sedans.dental,available,78.99,78.99,medium,low,6,namesilo,,,19/09/2026 22:27
83a97a20-2d14-45be-986c-5ed7a08983f4,recapture.dental,available,60.2,60.2,high,low,9,cloudflare,,,30/09/2026 10:57
ba49db5b-b164-40d6-9c6a-cb2450d3aa6b,siberian.dental,available,81.98,100.98,high,low,8,namecheap,,,27/09/2026 21:41
55b71636-bfa0-4cb8-85b0-d496f6d5fc91,pee.dental,available,78.99,78.99,high,low,3,namesilo,,,13/09/2026 09:51
26de7299-5a1f-4e69-a167-a8b9c785460e,yur.dental,available,59.98,,high,low,3,namecheap,,,
8592aa28-780e-4738-a4eb-50cb0cabfd8a,roma.dental,premium,500,500,high,low,4,name.com,,,10/08/2026 17:30
b73a8a99-c58b-46fc-8b7c-ff0f38546f60,boyd.dental,available,81.98,100.98,high,low,4,namecheap,,,25/09/2026 14:55
a294e75e-26f6-4651-bf9b-32947d6ad3bc,allison.dental,available,81.98,100.98,medium,low,7,namecheap,,,25/09/2026 17:48
7373ef01-b3bc-4173-ab98-1f4802474143,pollen.dental,available,62.3,62.3,high,low,6,spaceship,,,30/09/2026 07:06
5e27d833-86dc-4267-a71c-90600a54e7b0,grew.dental,available,62.3,62.3,high,low,4,spaceship,,,30/09/2026 22:49
7e9040a8-40d0-4015-b8cc-85d62bbd2572,peggy.dental,available,78.99,78.99,high,low,5,namesilo,,,25/09/2026 13:02
4b6613ba-6dc4-4d77-b15f-f07a3392fee5,ornate.dental,available,81.98,100.98,high,low,6,namecheap,,,04/09/2026 17:59
9159e9c0-7b51-4d29-8256-19e9212e2e7d,meters.dental,available,81.98,100.98,medium,low,6,namecheap,,,28/09/2026 05:01
7c26dae9-0f07-477a-b8ba-bbde7a40a427,logically.dental,available,78.99,78.99,high,low,9,namesilo,,,15/09/2026 12:41
64b849f3-c3a9-4a8f-bd66-8f0e00c0cef2,haze.dental,available,62.31,62.31,high,low,4,porkbun,,,30/09/2026 01:51
60775055-b642-4de3-a366-40a2199a419e,holler.dental,available,78.99,78.99,high,low,6,namesilo,,,23/09/2026 00:27
e5d8816c-2b19-4af3-9278-3de59ff37f6f,fragmented.dental,available,78.99,78.99,medium,low,10,namesilo,,,14/08/2026 13:27
6fd4f2a9-92ef-49ac-b060-475878d45f9f,hotfoot.dental,available,78.99,78.99,high,low,7,namesilo,,,09/09/2026 19:44
78a38ca6-fe8d-4ded-a50e-c9d590540e8e,revolting.dental,available,78.99,78.99,medium,low,9,namesilo,,,14/08/2026 10:45
12d689ab-a0a2-4db8-86d1-7226d0cf7937,backchat.dental,available,81.98,100.98,medium,low,8,namecheap,,,21/09/2026 15:20
ca05f1e4-9c7d-4613-b280-70b202344986,danielle.dental,available,62.31,62.31,medium,low,8,porkbun,,,28/09/2026 08:28
06579b8e-a71f-401c-851a-e973d0128a2a,train.dental,available,62.3,62.3,high,low,5,spaceship,,,28/09/2026 19:31
12c82197-4a04-4421-bfd7-66c3c1155633,jailed.dental,available,78.99,78.99,medium,low,6,namesilo,,,19/09/2026 04:16
f6262e7a-4d15-41c9-a7b9-901a7cc34af1,brittle.dental,available,78.99,78.99,medium,low,7,namesilo,,,11/08/2026 03:47
4bec4bd4-a78b-4554-8786-93ccecb5a0f7,rochdale.dental,available,62.3,62.3,medium,low,8,spaceship,,,29/09/2026 09:50
55a2e8cf-ae97-4150-88cf-2d81ec33d69d,anglian.dental,available,81.98,100.98,medium,low,7,namecheap,,,19/09/2026 06:48
d14830b0-a518-4597-98ec-dbf9b7552fa7,billow.dental,available,78.99,78.99,medium,low,6,namesilo,,,23/09/2026 16:34
0e9b99aa-fc54-4d94-8030-95edfa321e8e,symmetric.dental,available,78.99,78.99,high,low,9,namesilo,,,11/09/2026 06:03
21d99c15-043c-4256-a7b9-4fe05c74cc11,leia.dental,available,59.98,,high,low,4,namecheap,,,
d870bcbc-df41-4bc6-8c4b-2908f9348329,titan.dental,available,78.99,78.99,high,medium,5,namesilo,,,30/09/2026 03:03
e92c5da0-266c-4ed3-beab-4d24cd28c253,megan.dental,available,78.99,78.99,medium,low,5,namesilo,,,26/09/2026 03:31
e7ff88c0-2fe5-4644-8c35-0da6233bdc8c,nutty.dental,available,78.99,78.99,high,low,5,namesilo,,,06/08/2026 21:27
91152a7b-9033-4179-a995-97db847bb21c,viridity.dental,available,78.99,78.99,medium,low,8,namesilo,,,20/08/2026 19:47
ee6ad2b4-d035-4948-abf2-4364a17c9452,understanding.dental,available,78.99,78.99,high,low,13,namesilo,,,25/09/2026 11:47
03183580-e827-48d3-87ae-4fbeaef83044,budge.dental,available,78.99,78.99,medium,low,5,namesilo,,,30/09/2026 16:30
248abac2-8eb5-4e8a-bf29-6b9db3b6a14a,withdrawing.dental,available,62.3,62.3,high,low,11,spaceship,,,29/09/2026 21:24
1ede6267-7559-462d-ab71-72e9c4414c39,equal.dental,available,81.98,100.98,high,low,5,namecheap,,,21/09/2026 18:27
5388cb9d-1332-406c-8989-cfdee268c920,definite.dental,available,78.99,78.99,high,low,8,namesilo,,,24/09/2026 05:06
e2f761c5-28dd-4d12-b2c2-aae9995fbbef,griffiths.dental,available,81.98,100.98,medium,low,9,namecheap,,,26/09/2026 03:40
81038a61-64e5-412f-ad07-ca7a198a8507,mckinley.dental,available,78.99,78.99,high,low,8,namesilo,,,25/09/2026 04:51
88baf557-2964-4800-bd39-49a6e3b7cb64,intermittent.dental,available,60.2,60.2,high,low,12,cloudflare,,,01/10/2026 04:59
dd018ecd-83f7-401f-bb89-0ba0acf90f1a,stabbed.dental,available,62.3,62.3,low,low,7,spaceship,,,28/09/2026 00:02
348ae6bb-54ab-4119-aa48-71cbe29674af,simmons.dental,available,78.99,78.99,medium,low,7,namesilo,,,28/09/2026 07:47
e9f9155a-f798-492c-ab52-1fc7f08bd12d,aeolic.dental,available,78.99,78.99,medium,low,6,namesilo,,,17/09/2026 12:35
1a57c544-9a00-461f-b65b-3bbeac2efde1,birches.dental,available,78.99,78.99,medium,low,7,namesilo,,,20/09/2026 07:32
a0c3abec-20b3-4408-9707-677bef929af3,choppy.dental,available,78.99,78.99,medium,low,6,namesilo,,,23/09/2026 14:30
6c4543be-2097-42ac-a348-95adf697c24d,assemble.dental,available,78.99,78.99,high,low,8,namesilo,,,28/09/2026 09:53
be6d8350-8c34-40aa-8d37-728b02061e5a,albuterol.dental,available,78.99,78.99,medium,low,9,namesilo,,,18/09/2026 03:32
5b57c15f-57b1-46b4-8dd0-6c4339c9392e,ulnar.dental,available,78.99,78.99,medium,low,5,namesilo,,,11/09/2026 22:45
87e00e43-4c47-4dcd-b52b-b1a7f0570b67,ala.dental,available,60.2,60.2,high,low,3,cloudflare,,,28/09/2026 19:57
45458013-9136-414a-b288-60518ce71a09,completion.dental,available,81.98,100.98,high,low,10,namecheap,,,28/09/2026 10:41
ca12cfc5-c5ce-48cf-a307-a3008be9eac6,shi.dental,available,78.99,78.99,high,low,3,namesilo,,,30/09/2026 11:58
f35ddc19-8dba-42e4-ab8a-e91fea23c404,bedamn.dental,available,88.99,94.99,medium,low,6,name.com,,,13/08/2026 16:21
7092aea5-83c8-4387-92d1-05ae2bcf5033,antibiotic.dental,available,78.99,78.99,high,low,10,namesilo,,,22/09/2026 06:14
51f511a1-f450-417f-be93-a81471956156,galley.dental,available,119.99,119.99,medium,low,6,godaddy,,,01/10/2026 01:14
905d5dd2-0400-469a-93f1-3dd249e8b286,estonian.dental,available,78.99,78.99,high,low,8,namesilo,,,17/08/2026 13:27
4c19df68-500a-4aa6-bf64-445bf54aeca9,barbed.dental,available,78.99,78.99,medium,low,6,namesilo,,,08/08/2026 16:36
c9a0eb49-b442-42ed-ac5e-2a4fd6a6a304,fairies.dental,available,62.3,62.3,medium,low,7,spaceship,,,30/09/2026 06:26
01114364-8416-43f4-9561-5256fb3b21ff,briss.dental,available,81.98,100.98,medium,low,5,namecheap,,,23/09/2026 09:30
ab92ff28-3cda-439a-9ac0-d0b4ae195fa4,illumine.dental,available,78.99,78.99,high,low,8,namesilo,,,08/09/2026 04:54
bb193d7a-c7d9-46af-b3e0-cbe3aebf7d34,ski.dental,available,78.99,78.99,high,low,3,namesilo,,,27/09/2026 05:28
fab04bec-e71d-4dd6-bc3c-e7459d290a05,seamy.dental,available,78.99,78.99,medium,low,5,namesilo,,,10/09/2026 00:49
0911ced3-e6f8-4a28-8e6a-da5ea28960a9,mention.dental,available,60.2,60.2,high,low,7,cloudflare,,,29/09/2026 09:27
7efa67b2-4c6c-4bc7-ae98-beb666e2297e,fusty.dental,available,78.99,78.99,medium,low,5,namesilo,,,18/08/2026 16:42
4d6e9612-916f-4557-b2dd-1cb9c6bc0e54,disposition.dental,available,62.3,62.3,high,low,11,spaceship,,,29/09/2026 02:57
4346c6da-4cdf-4f07-8d4d-d61f438fd7e9,lark.dental,available,81.98,100.98,high,low,4,namecheap,,,30/09/2026 09:46
4403b516-1297-46a8-87ad-b1fb0eb66da8,names.dental,available,78.99,78.99,high,low,5,namesilo,,,25/09/2026 09:32
c5ebd7bf-8fac-41b0-8d52-1791f19ec43e,citizen.dental,available,78.99,78.99,high,low,7,namesilo,,,29/09/2026 09:28
5b3e90d7-3b3b-4f7e-8732-07680d528654,ceramics.dental,available,64.42,64.42,high,low,8,dynadot,,,30/09/2026 16:39
0ead9704-e871-40d5-a0a4-a117458b585c,virus.dental,available,78.99,78.99,high,low,5,namesilo,,,24/09/2026 17:02
da288735-34dd-4415-bd52-87ff715a04ec,tap.dental,resell,,,high,medium,3,"GoDaddy.com, LLC",18/12/2014 14:39,18/12/2026 14:39,27/09/2026 03:03
483adce5-76b4-42eb-b9ae-f2159f31a73d,batman.dental,available,62.3,62.3,high,low,6,spaceship,,,29/09/2026 01:33
75e3bb65-16e6-4c46-abf2-75fdcd921c7d,xii.dental,available,78.99,78.99,high,low,3,namesilo,,,21/09/2026 11:25
55d5f20c-17ff-4d40-95f8-bce625588d77,boob.dental,available,64.42,64.42,medium,low,4,dynadot,,,29/09/2026 03:04
7eb6dd84-963a-4575-a13e-b01581565e9b,ravenna.dental,available,81.98,100.98,medium,low,7,namecheap,,,22/09/2026 15:51
8d457dca-faf4-4163-adfe-0cf0c71ac9f7,submerged.dental,available,78.99,78.99,medium,low,9,namesilo,,,10/09/2026 23:30
29e14ed5-082b-4701-ba51-42e6457e6fc4,clock.dental,available,62.3,62.3,high,low,5,spaceship,,,29/09/2026 10:09
64bafea7-04c1-4934-9926-99103ebe0d7d,beria.dental,available,78.99,78.99,medium,low,5,namesilo,,,23/09/2026 09:22
79e7a556-7672-4618-9168-ce1a8e2ecb41,authorities.dental,available,78.99,78.99,medium,low,11,namesilo,,,27/09/2026 02:17
b5f418bf-65fc-4ca6-829c-b041bf687126,isla.dental,available,78.99,78.99,high,low,4,namesilo,,,28/09/2026 16:31
25b53fd7-7267-4d9b-85c7-054357c26390,amnic.dental,available,78.99,78.99,medium,low,5,namesilo,,,
417c9b8a-e463-4efe-a97a-ed6054c343ac,outwards.dental,available,81.98,100.98,medium,low,8,namecheap,,,04/09/2026 19:50
616f5684-91ae-4d63-a6fb-74541e713eee,purblind.dental,available,78.99,78.99,medium,low,8,namesilo,,,14/08/2026 07:58
a8d9fffa-8f87-4523-8c6b-10e4e0dfbe4d,proofs.dental,available,78.99,78.99,medium,low,6,namesilo,,,18/09/2026 06:55
6f815111-5bd2-4f42-b372-012770412a7c,totals.dental,available,78.99,78.99,medium,low,6,namesilo,,,20/09/2026 12:03
490b1bba-7bd0-4f6e-ba35-4bac17ce28c2,flavorful.dental,available,78.99,78.99,high,low,9,namesilo,,,18/08/2026 07:04
44efbe2f-d4a0-40f9-b96c-7f3a3abc3328,measures.dental,available,62.3,62.3,low,low,8,spaceship,,,28/09/2026 08:34
aaaaff1e-d88b-4a48-828c-6cc860f7cd07,cases.dental,available,81.98,100.98,medium,low,5,namecheap,,,17/09/2026 16:31
ba2603ba-01c3-4077-9fd3-8302e4b1efe3,blackhead.dental,available,81.98,100.98,medium,low,9,namecheap,,,24/09/2026 02:47
568b2ef2-538c-4f55-9042-a7f6d0ecd5b9,metres.dental,available,78.99,78.99,medium,low,6,namesilo,,,29/09/2026 23:41
3a11dbe4-c753-4636-a9e4-56145a610a9c,costless.dental,available,78.99,78.99,medium,low,8,namesilo,,,13/08/2026 03:12
dce1d148-1396-444e-aa61-ef3cd21e9f2b,braveness.dental,available,81.98,100.98,high,low,9,namecheap,,,24/09/2026 08:20
ef446892-0aae-41e9-a563-b10ca15b80b3,transport.dental,available,62.3,62.3,high,low,9,spaceship,,,28/09/2026 08:14
fd8358a6-8c1c-4099-be54-aced51b661b1,particularly.dental,available,78.99,78.99,medium,low,12,namesilo,,,27/09/2026 08:28
d883588b-f79d-4e0d-8293-01906ca60368,nominee.dental,available,64.42,64.42,high,low,7,dynadot,,,29/09/2026 06:17
d0f82869-6e21-44d2-89a0-db0e66bcce88,laws.dental,available,64.42,64.42,high,low,4,dynadot,,,30/09/2026 02:25
26ecae03-fba2-491e-8aad-1d9385f171c6,delegate.dental,available,81.98,100.98,high,low,8,namecheap,,,24/09/2026 21:30
25dbee9c-bd2f-4362-b923-91b6b49fe0bd,cleo.dental,available,62.31,62.31,high,low,4,porkbun,,,29/09/2026 15:49
dd9c2aa2-723f-40aa-a790-f9d5ddf1a06b,board.dental,premium,118.8,118.8,high,low,5,namesilo,,,28/09/2026 18:20
d967f2eb-9996-45b2-bd29-73c5e8bbdf00,ethnical.dental,available,78.99,78.99,medium,low,8,namesilo,,,17/08/2026 13:49
27841cfa-b297-4250-8238-14d73394d1c2,psychology.dental,available,62.3,62.3,high,low,10,spaceship,,,30/09/2026 08:50
59e00a6b-02e6-4860-a5b4-efeb7072de97,shoreline.dental,available,78.99,78.99,high,low,9,namesilo,,,30/09/2026 11:01
a79a652e-897f-4a5a-b132-1ede396d1778,azure.dental,available,,,high,high,5,,,,
278303a5-4911-4ae4-aad4-6632e753fae9,advent.dental,available,78.99,78.99,high,low,6,namesilo,,,17/09/2026 10:31
19ac9a8e-e65b-4d7b-9ec3-75050aff0102,anacardium.dental,available,78.99,78.99,medium,low,10,namesilo,,,19/09/2026 00:59
69e6cf22-781b-4009-a944-505fe27ca302,transporter.dental,available,78.99,78.99,high,low,11,namesilo,,,30/09/2026 11:44
2adc4689-ef59-4f64-bcfb-7ff223bca36d,tortuous.dental,available,81.98,100.98,medium,low,8,namecheap,,,11/09/2026 18:01
e1dc5ac1-0636-47f7-af7f-85fe52cb2937,promotive.dental,available,78.99,78.99,high,low,9,namesilo,,,09/09/2026 03:13
46f1a29d-2390-4d2b-b447-7d5f9984be48,rime.dental,available,78.99,78.99,medium,low,4,namesilo,,,21/08/2026 10:08
d787dc4a-f3e8-4329-a22f-e8ebe7965737,bendable.dental,available,78.99,78.99,medium,low,8,namesilo,,,09/08/2026 14:07
da9c7560-b2ea-4833-8606-c1ee05f86431,jelled.dental,available,81.98,100.98,medium,low,6,namecheap,,,12/08/2026 21:27
29e189be-550a-4fd0-ac1a-024019d02ea3,gustative.dental,available,81.98,100.98,medium,low,9,namecheap,,,20/08/2026 21:08
95ce4800-1b04-4dd4-8fcb-75a2a0e571ae,invitation.dental,available,60.2,60.2,high,low,10,cloudflare,,,30/09/2026 00:21
f8726af9-ce14-4d18-8e70-0ad33ff6450a,donatus.dental,available,78.99,78.99,medium,low,7,namesilo,,,17/09/2026 12:26
bdf3519e-f8e8-4583-9a08-509a36fd51ad,bai.dental,available,81.98,100.98,high,low,3,namecheap,,,21/09/2026 18:49
116387c4-3768-44d2-bc19-7df29ffff38a,idf.dental,available,78.99,78.99,high,low,3,namesilo,,,28/09/2026 14:30
ad4ddc37-b163-4e3f-a4d7-c0cdbe13588d,seamless.dental,available,78.99,78.99,high,low,8,namesilo,,,10/09/2026 00:47
bf8ee828-b3d4-4ffd-9ee9-036d4dcb2d00,allusion.dental,available,78.99,78.99,high,low,8,namesilo,,,18/09/2026 12:15
ed6307ef-c5a3-4f68-bf61-ee65996d8763,grasp.dental,available,81.98,100.98,high,low,5,namecheap,,,19/09/2026 22:13
2fa7e77f-f3d0-4c8c-b61e-e15ad76d4258,presented.dental,available,78.99,78.99,medium,low,9,namesilo,,,28/09/2026 08:35
e5aad044-8c01-4dfd-954a-ed8889fbaf35,adelie.dental,available,81.98,100.98,medium,low,6,namecheap,,,17/09/2026 07:17
7f662fef-cdce-43b4-ad3c-022f094f33fa,herculean.dental,available,78.99,78.99,high,low,9,namesilo,,,21/08/2026 07:06
bec5fafd-185a-4bd8-85a4-fee5d1d08f09,barb.dental,available,81.98,100.98,high,low,4,namecheap,,,22/09/2026 04:14
848774e8-098c-4cc1-83a3-188e340815f6,hausa.dental,available,62.31,62.31,high,low,5,porkbun,,,30/09/2026 10:05
39a082f0-ed3b-4d71-a9bb-abc929be0443,incorporate.dental,available,78.99,78.99,high,low,11,namesilo,,,29/09/2026 02:35
2ac076bf-6b98-4f51-986b-d7a913e2cf4f,sleeps.dental,available,78.99,78.99,medium,low,6,namesilo,,,28/09/2026 13:22
c871e2d8-3933-4055-9035-8eeb5986f037,exercised.dental,available,62.31,62.31,high,low,9,porkbun,,,30/09/2026 11:52
0d4e1fc5-cfc3-44e5-a1da-2450cf7dd48a,slime.dental,available,60.2,60.2,high,low,5,cloudflare,,,29/09/2026 12:55
91d6e2ce-da9f-410a-afb5-ffe324e6befb,indicative.dental,available,81.98,100.98,medium,low,10,namecheap,,,13/08/2026 21:42
58dc5af4-65b1-4aaf-8b74-62bda1aede60,boyfriend.dental,available,78.99,78.99,high,low,9,namesilo,,,22/09/2026 21:55
ac1f62cd-486d-40d4-a277-dd3dcdd077af,bessemer.dental,available,81.98,100.98,high,low,8,namecheap,,,23/09/2026 10:28
c980e132-efb0-4e06-b023-9e9ce4841c2a,greetings.dental,available,59.98,,high,low,9,namecheap,,,
469bdf22-9c7e-4f80-994c-d42855912a7b,menial.dental,available,81.98,100.98,medium,low,6,namecheap,,,24/08/2026 20:12
f6bdf809-50b0-44c8-9aef-faef920494b1,backspace.dental,available,78.99,78.99,high,low,9,namesilo,,,21/09/2026 16:01
50de75e8-bafe-49b4-950d-2776f317b25b,respiratory.dental,available,59.98,,high,low,11,namecheap,,,
97b2a3b4-af42-49ce-bcef-a524d475ff8c,caudate.dental,available,78.99,78.99,medium,low,7,namesilo,,,11/08/2026 22:26
93ce5434-980f-45b5-8ea5-37e1246e94cc,gregarious.dental,available,78.99,78.99,high,low,10,namesilo,,,20/08/2026 19:56
0aa131da-a66d-40dc-bcc6-2200a0f90dbd,missionaries.dental,available,62.3,62.3,medium,low,12,spaceship,,,30/09/2026 15:09
214f980f-1142-457f-b7fb-ff01b3355f6b,solubility.dental,available,62.3,62.3,medium,low,10,spaceship,,,30/09/2026 11:04
0c987108-563a-4a7f-a2db-e0294b6fd4b4,tenebrous.dental,available,78.99,78.99,medium,low,9,namesilo,,,11/09/2026 11:19
3f885832-08c9-4ff7-aae9-815f58bb7c85,backer.dental,available,78.99,78.99,high,low,6,namesilo,,,21/09/2026 15:26
24295f08-f046-429d-8dba-df24a931cf1e,eolian.dental,available,78.99,78.99,medium,low,6,namesilo,,,
8de0b0da-20da-4354-b151-f90161845957,helium.dental,available,78.99,78.99,high,low,6,namesilo,,,20/09/2026 22:31
dbab48eb-99be-4dcd-a18d-2f8b8ee40135,scientist.dental,available,62.31,62.31,high,low,9,porkbun,,,28/09/2026 12:32
c304c157-65f0-4e1b-a040-817a77b497c7,jerry.dental,available,62.3,62.3,high,low,5,spaceship,,,29/09/2026 00:12
504113c8-0873-44aa-8320-81eefc8da391,mobiles.dental,available,78.99,78.99,medium,low,7,namesilo,,,20/09/2026 08:45
a5379f79-9cff-47ed-9be3-29ca8a504c3c,devious.dental,available,78.99,78.99,medium,low,7,namesilo,,,14/08/2026 05:10
5be59259-67f1-446b-8514-96dbc478e5ba,uppermost.dental,available,81.98,100.98,medium,low,9,namecheap,,,11/09/2026 17:48
c4b79e4e-1e06-4ae5-97e4-4d48f4b5bff1,meredith.dental,available,78.99,78.99,high,low,8,namesilo,,,25/09/2026 06:29
1b54c34c-bea3-43dd-8fef-5230e7fba2e6,redden.dental,available,78.99,78.99,medium,low,6,namesilo,,,13/08/2026 06:34
3bc805dd-0253-4318-98f6-be237425f2f9,shirley.dental,available,78.99,78.99,high,low,7,namesilo,,,25/09/2026 13:56
0b1e4b16-a076-4a3d-8681-eb035bd5fbcc,blanche.dental,available,78.99,78.99,high,low,7,namesilo,,,26/09/2026 03:36
eb9832f8-51db-4dbd-9889-9a6964e43da7,scars.dental,available,81.98,100.98,medium,low,5,namecheap,,,20/09/2026 11:02
6eab41ce-c04e-41f4-9fa2-69e1874918c7,outcrop.dental,available,60.2,60.2,high,low,7,cloudflare,,,01/10/2026 03:11
5d3cec38-aff2-466e-95a6-9015b2e84f3b,riveting.dental,available,78.99,78.99,high,low,8,namesilo,,,21/09/2026 15:09
552d0cdf-8507-4327-b785-3799050b06f6,showy.dental,available,78.99,78.99,medium,low,5,namesilo,,,18/08/2026 06:20
ab488de4-92e9-4d61-8332-d6ce4b3897f1,exon.dental,available,62.3,62.3,medium,low,4,spaceship,,,30/09/2026 01:04
cc66137d-f80a-441a-86f7-1e363aaf398c,vinnie.dental,available,62.3,62.3,medium,low,6,spaceship,,,30/09/2026 21:20
36858822-4009-4c75-8dab-f5c83477029d,sharply.dental,available,78.99,78.99,medium,low,7,namesilo,,,27/09/2026 20:32
f40c8af9-6312-4760-822c-9048fda9f9e1,pout.dental,available,81.98,100.98,medium,low,4,namecheap,,,18/09/2026 18:12
cc420156-66da-496a-9194-f6353529473a,sire.dental,available,62.3,62.3,high,low,4,spaceship,,,28/09/2026 14:08
8627bab5-81a0-4731-a362-8fd886a165ba,cimmerian.dental,available,78.99,78.99,medium,low,9,namesilo,,,12/08/2026 08:11
189ffa91-1327-44f6-a768-47dff94b5b3f,basophil.dental,available,78.99,78.99,medium,low,8,namesilo,,,22/09/2026 11:30
5cdffe18-d0b3-4c2a-8fd3-1d1fa736f0f2,chairman.dental,available,78.99,78.99,high,low,8,namesilo,,,29/09/2026 07:55
27eef14c-0b48-40c7-b22d-a17da0a40513,talky.dental,available,78.99,78.99,high,low,5,namesilo,,,12/08/2026 03:24
ce62b6a4-6f63-4684-b21b-016b21870ec8,inning.dental,available,62.3,62.3,high,low,6,spaceship,,,30/09/2026 17:41
86ed16c1-6b23-4bcc-9393-72da89ea8318,pirate.dental,available,81.98,100.98,high,low,6,namecheap,,,29/09/2026 04:52
15389a38-fc91-4f60-834d-ea5534b43bbf,handling.dental,available,78.99,78.99,high,low,8,namesilo,,,25/09/2026 23:04
117d2517-115a-4947-bd78-42ac9a3540b8,miscreant.dental,available,78.99,78.99,medium,low,9,namesilo,,,09/09/2026 14:38
bbcf9048-5ad0-437f-9bdd-16fd72c74bc4,artiste.dental,available,78.99,78.99,high,low,7,namesilo,,,20/09/2026 11:55
5c3ffe09-0a7f-4620-a2bc-3a8978ce492d,immune.dental,available,81.98,100.98,high,low,6,namecheap,,,21/08/2026 21:26
e38ef36b-2d6c-415a-abce-7f9eb531e800,slenderize.dental,available,78.99,78.99,medium,low,10,namesilo,,,10/09/2026 10:53
27ad4d29-dcf3-44f4-8b00-85eeddfd2a1c,blaring.dental,available,78.99,78.99,medium,low,7,namesilo,,,10/08/2026 13:08
ef60e078-6b16-4bf2-ab47-9208a2487321,where.dental,available,60.2,60.2,high,low,5,cloudflare,,,30/09/2026 22:56
5ec3e95d-b9a4-4908-9ccc-102f91fd6e75,loose.dental,available,78.99,78.99,medium,low,5,namesilo,,,22/09/2026 10:42
40ca2930-340a-421b-a2b2-e340e84a2e41,alcahest.dental,available,78.99,78.99,medium,low,8,namesilo,,,18/09/2026 03:43
53f74aa3-9a71-4318-b74e-1dd46bd5ebb0,sloane.dental,available,78.99,78.99,high,low,6,namesilo,,,28/09/2026 16:12
d0c1535d-2030-4a11-8e61-2550ab7b070c,baedeker.dental,available,81.98,100.98,medium,low,8,namecheap,,,21/09/2026 17:22
937081f6-f384-4ee1-b51b-b2ee37e6cf88,mammary.dental,available,78.99,78.99,medium,low,7,namesilo,,,24/08/2026 14:23
584eb78a-0228-44f4-880b-a8ee4b5654b0,trespass.dental,available,62.3,62.3,high,low,8,spaceship,,,01/10/2026 03:42
bfd64327-aef3-4e49-bf5c-3598030421b1,dissimilar.dental,available,78.99,78.99,medium,low,10,namesilo,,,14/08/2026 12:48
7c2fd9fb-2e47-4e5b-bcbc-7f2f31a8502e,unaided.dental,available,78.99,78.99,medium,low,7,namesilo,,,12/09/2026 00:13
bc536485-82a4-4708-9ed2-2881aa55181e,bath.dental,premium,260,260,high,low,4,namecheap,,,29/09/2026 01:30
47880ac1-eca2-4796-94e9-1f7298466124,ash.dental,available,62.3,62.3,high,medium,3,spaceship,,,28/09/2026 22:27
43c58ee7-c1a7-420a-abdb-ed29b321be2b,colo.dental,available,78.99,78.99,medium,low,4,namesilo,,,30/09/2026 06:13
910a7df1-d821-49e6-8d11-75dab1b766c4,diameter.dental,available,78.99,78.99,high,low,8,namesilo,,,29/09/2026 18:38
cb12d2d3-8bb8-4b2b-9167-be161f0a690f,reflex.dental,available,78.99,78.99,high,low,6,namesilo,,,27/09/2026 11:10
61b17398-0a4c-41da-ae5a-2ca11b5ebb98,flatulent.dental,available,78.99,78.99,medium,low,9,namesilo,,,12/08/2026 16:34
d0f1e92c-fa93-4ce2-bd72-5d279ad14bec,instate.dental,available,59.98,,medium,low,8,namecheap,,,
c6bbb1f0-c490-4f20-b7d9-45b35186ae94,fairs.dental,available,59.98,,high,low,5,namecheap,,,
f74a932b-c064-4f1d-be3f-16dc76c5f191,bestowed.dental,available,62.3,62.3,medium,low,8,spaceship,,,30/09/2026 14:44
7139f89b-1b3e-4c37-852e-09791e5748b7,grounded.dental,available,78.99,78.99,high,low,8,namesilo,,,27/09/2026 06:36
c6ab8759-a998-40d9-8bae-ca54612a2175,profundity.dental,available,81.98,100.98,medium,low,10,namecheap,,,16/09/2026 18:38
83793195-f7a0-4bf0-bfb2-d458cbddb1f4,sparing.dental,available,78.99,78.99,high,low,7,namesilo,,,18/08/2026 16:58
0976b31b-0ade-41a3-88c0-2e4a0891a769,dominic.dental,available,78.99,78.99,high,low,7,namesilo,,,27/09/2026 03:45
4e7d679a-c622-4da8-ab6c-3f547328c2d2,auxesis.dental,available,78.99,78.99,medium,low,7,namesilo,,,21/09/2026 08:33
36c631c8-3e76-4143-8396-fc4d6fc6bace,skopje.dental,available,62.3,62.3,high,low,6,spaceship,,,30/09/2026 18:39
542efe32-45d1-4125-a52d-68a4e0c833c7,anechoic.dental,available,78.99,78.99,medium,low,8,namesilo,,,
df5af532-1526-4dad-9372-ac5741d79eed,appease.dental,available,78.99,78.99,high,low,7,namesilo,,,18/08/2026 22:08
b5fae8e7-88ec-4779-b7ae-a803b7c66e33,shenandoah.dental,available,62.3,62.3,medium,low,10,spaceship,,,27/09/2026 21:14
98756aa5-4f6a-4930-b5d2-33b24b5a03a8,bottles.dental,available,78.99,78.99,medium,low,7,namesilo,,,18/09/2026 04:05
3c5d80ac-b82c-444f-ba0a-db569fcd038d,spreading.dental,available,78.99,78.99,medium,low,9,namesilo,,,10/09/2026 16:45
55a5fc8d-5cf6-4473-987c-7946ccfe4af2,molybdenum.dental,available,78.99,78.99,medium,low,10,namesilo,,,20/09/2026 23:05
3ff85605-6b52-4141-b789-936b29ca6ce1,dickson.dental,available,78.99,78.99,high,low,7,namesilo,,,25/09/2026 15:42
f54baf60-21be-4b39-a331-39de38459e92,stagey.dental,available,81.98,100.98,medium,low,6,namecheap,,,10/09/2026 18:06
55e1a562-147d-4f65-823c-5d9bb9e0dd13,wheels.dental,available,78.99,78.99,high,low,6,namesilo,,,17/09/2026 12:21
96950dc2-a3aa-4f09-9c50-b907243520dd,praiseful.dental,available,81.98,100.98,medium,low,9,namecheap,,,22/08/2026 20:51
274140f4-228c-46a1-b2a9-e5dfff049559,sunblind.dental,available,78.99,78.99,medium,low,8,namesilo,,,21/09/2026 10:15
b755bbcf-d9c7-4a19-8641-ba1bbcd4205f,amphora.dental,available,78.99,78.99,high,low,7,namesilo,,,18/09/2026 23:34
95ea3a54-ce04-4690-9531-2ab21d219799,sunup.dental,available,78.99,78.99,high,low,5,namesilo,,,11/09/2026 02:09
4c00400e-a9f2-43ab-bb21-9e1a7291bf62,aright.dental,available,78.99,78.99,high,low,6,namesilo,,,13/09/2026 20:49
dec274ad-b8b3-4fc8-a0d8-a90a7a8568d6,kali.dental,available,78.99,78.99,high,low,4,namesilo,,,22/09/2026 05:54
ccabf8ec-99e1-4610-85cf-01b422d17783,rms.dental,available,62.3,62.3,high,low,3,spaceship,,,28/09/2026 04:52
4cc65d14-66fd-4302-86b0-af8a4d678589,amazed.dental,available,78.99,78.99,high,low,6,namesilo,,,22/09/2026 03:33
ba406bcd-c201-437e-8a11-908356593fba,entries.dental,available,60.2,60.2,medium,low,7,cloudflare,,,30/09/2026 06:24
e51b9dc2-30c5-471a-bfd2-a512ba328174,wins.dental,available,78.99,78.99,high,low,4,namesilo,,,18/09/2026 14:21
9c764fb9-0a2f-4a74-8c04-13cd19f71164,diversely.dental,available,78.99,78.99,medium,low,9,namesilo,,,14/09/2026 13:25
c8d8fce8-1438-42d7-9a22-7ea80fb0414c,mansion.dental,available,62.31,62.31,high,low,7,porkbun,,,28/09/2026 06:20
6745c1cb-49f8-45c9-8c4f-9549c428dfa4,believable.dental,available,78.99,78.99,high,low,10,namesilo,,,09/08/2026 13:01
000f34a2-bb18-418e-a798-b68a0131b710,psychical.dental,available,78.99,78.99,medium,low,9,namesilo,,,09/09/2026 05:07
a96b428d-a98b-403b-9e33-dc3dbf154822,publisher.dental,available,78.99,78.99,high,low,9,namesilo,,,28/09/2026 10:33
993b58c6-ead9-4d86-930c-a3fa89775518,showed.dental,available,59.98,,medium,low,6,namecheap,,,
10e8b870-df9d-47f8-be47-a03bc664c992,skeletal.dental,available,81.98,100.98,high,low,8,namecheap,,,10/08/2026 19:00
1465a689-ac3f-415b-94be-ef0f0d2c54b2,hassium.dental,available,78.99,78.99,medium,low,7,namesilo,,,20/09/2026 22:10
561d8dc5-06ba-4a94-930b-aa91a8461fe9,bromley.dental,available,64.42,64.42,medium,low,7,dynadot,,,28/09/2026 17:16
1b12646f-32fc-4954-9286-28b872fee742,goya.dental,available,62.3,62.3,high,low,4,spaceship,,,29/09/2026 18:58
4c594396-9c98-4049-9e5d-755311c4e712,impudent.dental,available,78.99,78.99,medium,low,8,namesilo,,,18/08/2026 08:23
d18c1096-300b-4554-852e-f3a1bebf7a03,terry.dental,available,60.2,60.2,high,low,5,cloudflare,,,29/09/2026 18:32
61842126-9131-482b-b2fb-94dafa296a3a,unpatented.dental,available,78.99,78.99,medium,low,10,namesilo,,,12/09/2026 16:29
bd5e71b9-bbba-4ffd-a954-f97a2a063ec1,devoted.dental,available,78.99,78.99,high,low,7,namesilo,,,24/09/2026 08:04
97595af8-dc09-44b9-92fa-092c00d508e1,unshod.dental,available,78.99,78.99,medium,low,6,namesilo,,,14/08/2026 09:48
9892a95c-36a8-48d1-bdcb-f67f527c10cf,getable.dental,available,78.99,78.99,medium,low,7,namesilo,,,18/08/2026 23:04
031fecd2-8a65-4721-b25f-bafe3014df4a,adman.dental,available,78.99,78.99,medium,low,5,namesilo,,,17/09/2026 08:40
319a8f1c-0613-4071-891e-8cc6f4de8df3,romans.dental,available,60.2,60.2,medium,low,6,cloudflare,,,28/09/2026 19:05
17386f9c-ebcd-40a6-9534-52847735b384,greens.dental,available,81.98,100.98,high,low,6,namecheap,,,29/09/2026 21:34
8935f1ee-9970-4824-a856-7099e5753efc,ambrosial.dental,available,78.99,78.99,medium,low,9,namesilo,,,
88b193cd-d309-452d-a02e-8785fda6dd48,cave.dental,available,78.99,78.99,high,low,4,namesilo,,,24/09/2026 13:21
20ab1e50-5862-4ba2-aa00-6be7b55f29b8,insisted.dental,available,60.2,60.2,medium,low,8,cloudflare,,,27/09/2026 23:35
a3903b94-d2b1-4b02-a780-1e6826558227,rudderless.dental,available,78.99,78.99,medium,low,10,namesilo,,,
8afe04ad-8b10-4730-afe9-6d40f9edbb78,turnovers.dental,available,78.99,78.99,medium,low,9,namesilo,,,19/09/2026 22:02
3c079447-d8ed-489a-b0d7-dd3119670b3c,explanations.dental,available,78.99,78.99,medium,low,12,namesilo,,,17/09/2026 10:05
8c0bacc6-8cf5-4864-b14a-288f8d71ee52,overcast.dental,available,78.99,78.99,high,low,8,namesilo,,,12/08/2026 12:29
40c47c75-f865-4322-989f-d26cc50b922f,affirmations.dental,available,78.99,78.99,medium,low,12,namesilo,,,21/09/2026 01:56
113c5fde-1f95-41f0-84f6-73f05a540b93,geniculate.dental,available,81.98,100.98,medium,low,10,namecheap,,,18/08/2026 21:38
bc7a256e-74c2-46b1-817d-f46864bb1395,bonzer.dental,available,81.98,100.98,medium,low,6,namecheap,,,10/08/2026 19:02
ef127588-7183-491c-a053-8d72b46253cf,burrows.dental,available,78.99,78.99,medium,low,7,namesilo,,,29/09/2026 03:16
e7b52993-2989-487e-8b9e-775e9675d432,pulverized.dental,available,78.99,78.99,medium,low,10,namesilo,,,18/08/2026 04:41
b7d29919-e8ab-4a3d-9ac3-6ed9a13dea84,longways.dental,available,78.99,78.99,medium,low,8,namesilo,,,22/08/2026 23:44
fcba7ccd-0d01-4ec6-9696-630adbc2d9ec,secondly.dental,available,78.99,78.99,medium,low,8,namesilo,,,27/09/2026 19:26
3831c1a3-2fa5-4a38-a167-d111713c3513,charabanc.dental,available,81.98,100.98,medium,low,9,namecheap,,,21/09/2026 05:58
6c241726-bc9d-4ad2-8dd7-fe117f2e55c6,prentiss.dental,available,62.3,62.3,medium,low,8,spaceship,,,30/09/2026 22:09
e7167b25-aa31-4099-a879-55d0246cc982,civilized.dental,available,78.99,78.99,high,low,9,namesilo,,,12/08/2026 09:06
45b830bb-c315-4bdb-8745-28033c72e900,dealings.dental,available,60.2,60.2,high,low,8,cloudflare,,,29/09/2026 18:35
e1d9e08e-ae02-48c7-99d6-2942189d7418,palatine.dental,available,78.99,78.99,medium,low,8,namesilo,,,04/09/2026 23:20
4252014b-50d3-4743-9e80-135b13107e19,toilets.dental,available,78.99,78.99,low,low,7,namesilo,,,28/09/2026 23:58
8839e9c7-224b-45c3-b9c4-9add8e626fea,harassed.dental,available,78.99,78.99,medium,low,8,namesilo,,,21/08/2026 00:06
43a918c2-ff5f-4993-af35-fb070a5a7d47,gifts.dental,available,78.99,78.99,medium,low,5,namesilo,,,25/09/2026 17:25
5a9466c3-76cf-4f65-bf0d-58a41f3d1106,enjoys.dental,available,60.2,60.2,medium,low,6,cloudflare,,,28/09/2026 23:12
f8fee1dc-88bd-418e-9045-951ed6281ccf,fagan.dental,available,78.99,78.99,medium,low,5,namesilo,,,30/09/2026 05:33
70f44300-9e82-4452-baee-2b291f0d6dd5,unq.dental,available,78.99,78.99,medium,low,3,namesilo,,,20/09/2026 22:06
089b9341-5b1b-4348-8f64-0aa0a5ef3bd0,fear.dental,available,81.98,100.98,high,low,4,namecheap,,,24/09/2026 12:06
bee466ba-0d8f-455e-b310-da3f0ab06a20,authorize.dental,available,78.99,78.99,high,low,9,namesilo,,,29/09/2026 20:39
e8067ddd-dc62-4b90-aaaf-10511d8d83ae,airtight.dental,available,81.98,100.98,high,low,8,namecheap,,,
66de8d4d-08ee-4e3a-b9fd-20eeed8d4375,teton.dental,available,62.3,62.3,high,low,5,spaceship,,,30/09/2026 02:07
946f68b9-cba5-4c3b-9ec3-dc2c6600f697,blues.dental,available,78.99,78.99,high,low,5,namesilo,,,29/09/2026 03:01
cb016c42-9c6d-4a42-ba3d-5ddb133d850b,unkind.dental,available,78.99,78.99,medium,low,6,namesilo,,,12/09/2026 14:11
2edfc83a-58a1-4bf2-bde7-d1dd2bc8c58d,vedic.dental,available,78.99,78.99,medium,low,5,namesilo,,,13/09/2026 01:37
673205bc-30c7-404f-a279-3b4f88786141,progressive.dental,available,78.99,78.99,high,low,11,namesilo,,,19/09/2026 14:06
e7ff412b-61e2-47e1-955e-82a0983c5599,extermination.dental,available,81.98,100.98,medium,low,13,namecheap,,,29/09/2026 23:26
e6382e1f-db81-4f0e-a9ee-4571f7742d2d,positions.dental,available,81.98,100.98,medium,low,9,namecheap,,,19/09/2026 00:35
4171a475-2119-4087-87b2-7dc772ccf564,anabas.dental,available,78.99,78.99,medium,low,6,namesilo,,,19/09/2026 00:49
7808163a-d3ce-480a-a224-7448dd11901c,chronicle.dental,available,81.98,100.98,high,low,9,namecheap,,,16/09/2026 23:05
51c45e5f-0c1c-4d1e-819d-8a6144532f57,cognate.dental,available,78.99,78.99,high,low,7,namesilo,,,10/08/2026 15:14
bde9f97b-3539-428e-97d6-29502d2f9442,millilitre.dental,available,78.99,78.99,medium,low,10,namesilo,,,11/08/2026 22:55
a2f5cf85-baee-40b8-ac67-45c6e41fa3a9,positioning.dental,available,78.99,78.99,high,low,11,namesilo,,,29/09/2026 14:53
0035c11e-21ac-4cba-8db9-df80042d8ef7,succulent.dental,available,78.99,78.99,high,low,9,namesilo,,,11/09/2026 00:58
91b947a2-3ad2-4d1e-8579-c4a33396bf0a,stocks.dental,available,64.42,64.42,high,low,6,dynadot,,,28/09/2026 06:47
98afabdf-cbd5-4ba8-8d1d-4ed905a9fc2b,origen.dental,available,78.99,78.99,high,low,6,namesilo,,,29/09/2026 13:37
f0fe2644-adf3-4ec3-a15f-e906a7339950,mesonic.dental,available,81.98,100.98,medium,low,7,namecheap,,,24/08/2026 21:09
d74faa34-4ebd-4eb0-b8e3-0e5e600ba8da,trivially.dental,available,81.98,100.98,low,low,9,namecheap,,,16/09/2026 09:31
01d31e6f-470b-4b5b-a329-a6529c79a02b,nohow.dental,available,78.99,78.99,low,low,5,namesilo,,,15/09/2026 16:44
1bbf92f1-8ca5-45c1-a892-f6dea814b243,male.dental,available,78.99,78.99,high,low,4,namesilo,,,25/09/2026 16:34
4f1cf899-ad74-4771-b8e5-16cdf66bb4e0,curling.dental,available,78.99,78.99,high,low,7,namesilo,,,13/08/2026 11:21
8b1b82f2-1f4f-4724-9ad4-34cfdb6eb7c8,zoological.dental,available,78.99,78.99,high,low,10,namesilo,,,13/09/2026 15:33
2ec04ce9-a7af-4346-a3bf-0df1dc35dad9,supports.dental,available,78.99,78.99,medium,low,8,namesilo,,,17/09/2026 06:20
37ed9cdc-c553-4412-ab56-e6a783b5f548,pollock.dental,available,78.99,78.99,high,low,7,namesilo,,,29/09/2026 13:11
3a16a8a1-a017-4b3e-89e7-ffc2e63d0c46,ashford.dental,available,81.98,100.98,medium,low,7,namecheap,,,29/09/2026 04:30
91f1caa2-c0f3-4f05-af10-68c20b672948,fleeing.dental,available,81.98,100.98,medium,low,7,namecheap,,,29/09/2026 03:23
3bbdda81-dca6-410c-ad36-5068e18b84a3,iridium.dental,available,78.99,78.99,high,low,7,namesilo,,,20/09/2026 23:49
6903da63-0c43-42e8-82a5-64269916f842,dip.dental,available,78.99,78.99,high,low,3,namesilo,,,24/09/2026 10:33
1e6c1a88-b6d7-4e42-a8a7-e6797696536e,extend.dental,available,60.2,60.2,high,low,6,cloudflare,,,30/09/2026 19:37
3d6a2e1e-1e56-4ce5-8b53-c23897091322,covert.dental,available,78.99,78.99,high,low,6,namesilo,,,24/09/2026 00:53
5bb7690d-2cac-410e-be3d-5aaa48fb2aa6,notify.dental,available,62.3,62.3,high,low,6,spaceship,,,30/09/2026 15:16
4f4f8def-a869-4ad1-ba58-ef4a4bb3713f,vitrified.dental,available,78.99,78.99,medium,low,9,namesilo,,,13/09/2026 06:20
9f41f94e-550c-4e62-b84f-c1bb048ac2dd,biotype.dental,available,81.98,100.98,medium,low,7,namecheap,,,23/09/2026 19:14
4e6938df-037a-4626-be7f-a121ee7e8189,universities.dental,available,62.3,62.3,medium,low,12,spaceship,,,28/09/2026 08:47
4b22f32f-5637-4f21-a27e-cf2c3c203098,consular.dental,available,78.99,78.99,high,low,8,namesilo,,,12/08/2026 23:02
92655496-faac-4c8b-b2cb-0382f6ddd974,fifth.dental,available,78.99,78.99,high,low,5,namesilo,,,
98dfb0e1-fe4d-4521-b15f-4e7d48c79149,amenable.dental,available,78.99,78.99,high,low,8,namesilo,,,22/09/2026 04:02
cbff4e62-892c-433d-8c29-fce08e2d7d76,persons.dental,available,62.3,62.3,medium,low,7,spaceship,,,27/09/2026 21:14
3da265a5-5054-4e33-98f0-8cda0ffcd815,nutritious.dental,available,78.99,78.99,high,low,10,namesilo,,,19/09/2026 11:02
409e5308-942a-4416-8fe9-e2e17bd5822a,audubon.dental,available,81.98,100.98,medium,low,7,namecheap,,,21/09/2026 03:14
f3035e56-d667-4943-8877-9da1fd03bb57,speedway.dental,available,64.42,64.42,high,low,8,dynadot,,,01/10/2026 03:48
76f2a381-ccac-4147-83e0-1d2df038b434,sang.dental,available,81.98,100.98,high,low,4,namecheap,,,18/09/2026 20:03
c9dad789-e785-464c-8c02-82f416ec7137,millstone.dental,available,78.99,78.99,medium,low,9,namesilo,,,18/09/2026 02:29
5e8f5beb-6514-4dfc-b1ec-470a0b6c85c6,grassroots.dental,available,78.99,78.99,high,low,11,namesilo,,,20/08/2026 18:16
9bfc7277-35db-422f-8130-0937599e8fcf,trophies.dental,available,78.99,78.99,medium,low,8,namesilo,,,29/09/2026 17:40
74c483f0-0d35-4d14-a6e6-7ff01987b6ca,instructed.dental,available,60.2,60.2,medium,low,10,cloudflare,,,28/09/2026 04:56
2c1859a4-8ee5-4ff6-beb6-a15380551df5,crook.dental,available,78.99,78.99,medium,low,5,namesilo,,,13/08/2026 06:27
3efb3fcd-25a5-4302-b146-6b75c8450b99,alkalic.dental,available,78.99,78.99,medium,low,7,namesilo,,,
229ad3bb-bdd8-40c2-8c5e-5de9103e0b10,deutsch.dental,available,60.2,60.2,high,low,7,cloudflare,,,28/09/2026 11:22
ee1d8113-8b4c-4e8a-880d-fc9c33d97358,isotropic.dental,available,78.99,78.99,medium,low,9,namesilo,,,22/08/2026 11:28
5e8c45bf-5fc5-41d1-844c-1f5d2d016193,afterward.dental,available,78.99,78.99,medium,low,9,namesilo,,,
70eae82d-cf86-44d1-9579-fe8ca684abfe,mechanics.dental,available,62.3,62.3,high,low,9,spaceship,,,28/09/2026 02:33
008b9388-b806-47a5-bb9d-daebef6cc872,comments.dental,available,78.99,78.99,medium,low,8,namesilo,,,17/09/2026 01:39
77f41ccf-b8b1-47b0-bada-d4827f029d52,uncrowned.dental,available,78.99,78.99,medium,low,9,namesilo,,,13/08/2026 08:36
a89216f6-46b1-4778-a960-27436072023c,locals.dental,available,78.99,78.99,medium,low,6,namesilo,,,28/09/2026 13:28
7ce81adb-83e5-4d6f-91d4-8eb06f66f2cd,afterbirth.dental,available,78.99,78.99,medium,low,10,namesilo,,,17/09/2026 15:34
700ba25e-bed1-47ae-bed8-99a432ed8309,townsite.dental,available,62.31,62.31,high,low,8,porkbun,,,30/09/2026 12:32
5bd699ec-824a-4bf5-b9ea-1071c5e38c0f,soaking.dental,available,78.99,78.99,high,low,7,namesilo,,,14/09/2026 14:28
359fb59c-083f-4523-8a30-8fe13d5f28af,multicolor.dental,available,78.99,78.99,high,low,10,namesilo,,,03/09/2026 10:35
39d3551f-d21b-4c4a-be4b-16e3add9a438,breastfeeding.dental,available,78.99,78.99,high,low,13,namesilo,,,17/09/2026 08:35
0cdd3d51-294b-4bb0-9c9c-bab368dad0db,nonionic.dental,available,81.98,100.98,medium,low,8,namecheap,,,03/09/2026 19:33
c68cecdc-c5d0-4aaf-ad70-5c8fe519e3b5,vendue.dental,available,78.99,78.99,medium,low,6,namesilo,,,21/09/2026 02:46
4c0fa211-05c7-467e-a371-11c82758d2e6,civil.dental,available,78.99,78.99,high,low,5,namesilo,,,12/08/2026 09:03
69660126-6f96-4049-a10c-84888b1dae64,trusty.dental,available,78.99,78.99,high,low,6,namesilo,,,11/09/2026 20:49
1e40b9ee-085e-4b79-adab-27d2bf562855,unfair.dental,available,62.3,62.3,medium,low,6,spaceship,,,28/09/2026 09:45
b2f4e02f-a416-4bc2-938d-0d2a5f55be0d,routine.dental,available,78.99,78.99,high,low,7,namesilo,,,24/09/2026 15:39
c3092d2e-c05f-4471-b69f-f8e87b544b9d,jones.dental,available,78.99,78.99,high,low,5,namesilo,,,25/09/2026 00:23
2d8fcb7a-5fec-4a03-9eff-22ef480d75e1,trotsky.dental,available,78.99,78.99,medium,low,7,namesilo,,,28/09/2026 19:41
eb1ce186-5ee9-418b-b5c4-e3d60755a3e3,bathyal.dental,available,78.99,78.99,low,low,7,namesilo,,,09/08/2026 01:34
a6524cd6-039d-41f9-b950-1d50f12f86c3,michel.dental,available,78.99,78.99,high,low,6,namesilo,,,25/09/2026 12:46
1af29974-2938-4efb-9431-ca31c5847a22,bailey.dental,available,88.99,94.99,high,low,6,name.com,,,21/09/2026 19:05
49a0471f-2c9a-4cb2-b1ae-05dacd364b03,ridley.dental,available,78.99,78.99,high,low,6,namesilo,,,30/09/2026 02:43
e140183e-0c29-43a1-bf27-c1c9539cba30,flaxseed.dental,available,78.99,78.99,high,low,9,namesilo,,,16/09/2026 10:28
e7fe2b14-2548-4325-979b-649e6716a113,static.dental,available,78.99,78.99,high,low,6,namesilo,,,16/08/2026 02:42
8419c2ac-9925-4e2f-96a3-b447f09f01ce,andradite.dental,available,78.99,78.99,medium,low,9,namesilo,,,19/09/2026 04:09
2268ca72-8c92-4e43-b4a7-3866cd033955,bosomed.dental,available,81.98,100.98,medium,low,7,namecheap,,,10/08/2026 20:23
885ef66b-b5d2-4e75-bf49-f038a5edd96c,lasalle.dental,available,62.3,62.3,high,low,7,spaceship,,,28/09/2026 06:07
f93fb407-b6ca-460c-9836-6a04d0173bcf,carpal.dental,available,81.98,100.98,high,low,6,namecheap,,,11/08/2026 19:34
9be0dbc8-256b-42fb-9c4a-9b095b370617,falter.dental,available,78.99,78.99,high,low,6,namesilo,,,17/08/2026 21:39
3c83d80a-bd2d-4efd-a42d-f2564182bcc6,hawaiian.dental,available,78.99,78.99,high,low,8,namesilo,,,21/08/2026 01:36
b54e5834-8fe1-4e50-b463-b85173280a1f,ignore.dental,available,81.98,100.98,high,low,6,namecheap,,,27/09/2026 23:32
688b8b47-2437-4414-abb6-7941f2e95d2f,numerous.dental,available,78.99,78.99,high,low,8,namesilo,,,22/08/2026 23:01
5cb43ae5-9aae-4bba-ba01-d451e98899ba,payne.dental,available,78.99,78.99,high,low,5,namesilo,,,25/09/2026 13:00
003e10be-4768-4cc2-8a17-ea6bdd5155d6,reservations.dental,available,78.99,78.99,medium,low,12,namesilo,,,17/09/2026 23:30
96bf2dda-88af-4540-8482-123bdb94213a,teachable.dental,available,78.99,78.99,high,low,9,namesilo,,,11/09/2026 09:34
1e1d9c96-bde2-41b9-aa08-61cbb022e67e,chickpeas.dental,available,78.99,78.99,medium,low,9,namesilo,,,20/09/2026 11:04
b40c5ce2-f7cb-4cf3-89fa-b34409c4b370,soledad.dental,available,78.99,78.99,medium,low,7,namesilo,,,30/09/2026 18:46
e4e766ba-8532-44b3-a17e-dc754f92c1ba,complication.dental,available,62.3,62.3,medium,low,12,spaceship,,,29/09/2026 23:25
be1563a9-a226-4fa2-9430-68ce398e2e4a,prototype.dental,available,60.2,60.2,high,low,9,cloudflare,,,28/09/2026 14:03
e5772cf6-a4be-4477-830b-678593a3dd20,northman.dental,available,81.98,100.98,medium,low,8,namecheap,,,03/09/2026 21:21
66eb3608-d37d-4c08-9e83-db6fbfb5b920,lavoisier.dental,available,78.99,78.99,medium,low,9,namesilo,,,19/09/2026 15:25
1e848717-fd03-4206-ad98-7307ef7ce17c,aragonite.dental,available,81.98,100.98,medium,low,9,namecheap,,,19/09/2026 23:43
24b4f9f3-9193-4430-9808-4c9277916016,termination.dental,available,78.99,78.99,high,low,11,namesilo,,,04/09/2026 07:49
84a73fe3-e549-494f-92e3-b721739e8295,spaniards.dental,available,62.31,62.31,medium,low,9,porkbun,,,30/09/2026 23:47
c49bbb79-da67-489b-b005-73fb644475f6,directors.dental,available,78.99,78.99,medium,low,9,namesilo,,,28/09/2026 08:43
f6874ffc-e231-4fa1-8046-cbdf6773666c,musical.dental,available,81.98,100.98,high,low,7,namecheap,,,25/09/2026 19:12
9b7887ba-3904-45c9-bdca-fd069822f56b,unstressed.dental,available,78.99,78.99,medium,low,10,namesilo,,,12/09/2026 20:37
e10547ed-4faf-448f-b52f-44a57d6539d6,connective.dental,available,78.99,78.99,high,low,10,namesilo,,,12/08/2026 22:16
8babb4be-e8bd-4dda-ac3c-3f0952ef8dcf,hottish.dental,available,78.99,78.99,medium,low,7,namesilo,,,21/08/2026 14:20
f19dcf60-70ef-41d8-adfc-93529b34252e,bagger.dental,available,81.98,100.98,medium,low,6,namecheap,,,21/09/2026 18:02
1a74bd2e-1966-493a-ab8e-080798d519e4,gaslit.dental,available,81.98,100.98,medium,low,6,namecheap,,,17/09/2026 16:25
9b3410b1-fe9b-4390-a08a-238e5e231db8,rises.dental,available,78.99,78.99,low,low,5,namesilo,,,28/09/2026 13:01
bd89dbde-7014-400d-985e-8624ac9010a4,travelable.dental,available,81.98,100.98,medium,low,10,namecheap,,,11/09/2026 19:05
c9077a43-7c0f-4fef-babb-1ec8e551bed0,obnoxious.dental,available,78.99,78.99,medium,low,9,namesilo,,,03/09/2026 23:32
5b01bb6d-accf-4948-9ba9-e065bbb44faf,extralegal.dental,available,81.98,100.98,medium,low,10,namecheap,,,17/08/2026 19:14
ec5f10ab-6451-4d74-b28e-cdf86a5bae5f,sorely.dental,available,81.98,100.98,medium,low,6,namecheap,,,16/09/2026 05:13
124588c1-cfda-46ff-8520-185f24538fc8,basotho.dental,available,81.98,100.98,medium,low,7,namecheap,,,22/09/2026 11:35
8adc58b7-fe06-438a-81f2-f1e82ef2d302,slab.dental,available,64.42,64.42,high,low,4,dynadot,,,28/09/2026 20:30
055996e0-dc11-4424-bcea-6ea3a059b39b,billboard.dental,available,62.3,62.3,high,low,9,spaceship,,,29/09/2026 02:43
e47f9ec5-8ce9-4260-a3cb-324de3d0fd29,accretion.dental,available,78.99,78.99,high,low,9,namesilo,,,16/09/2026 23:14
1572e790-3c86-443a-850e-ea1b90626292,though.dental,available,78.99,78.99,medium,low,6,namesilo,,,16/09/2026 08:58
513e1c81-c9d1-4477-977b-104e8d5e947f,zelda.dental,available,62.3,62.3,high,low,5,spaceship,,,30/09/2026 07:37
77a72db0-e822-421f-9314-51f1d0b0d8ba,government.dental,premium,242,242,high,low,10,namesilo,,,24/09/2026 22:50
7b3d3c7c-760e-4d8b-9935-1706c7cdf231,abstracter.dental,available,81.98,100.98,medium,low,10,namecheap,,,16/09/2026 18:30
576208e4-e85f-4c19-b0c7-45f8abdaf73c,nihility.dental,available,78.99,78.99,medium,low,8,namesilo,,,13/09/2026 06:35
de533f3a-6843-454f-b849-21106d95b4aa,harmonical.dental,available,78.99,78.99,medium,low,10,namesilo,,,12/08/2026 22:48
8ced14ae-1d55-4a06-b04e-378f0f7a2b6b,fascist.dental,available,78.99,78.99,medium,low,7,namesilo,,,17/08/2026 22:58
90075f7d-ba43-42f4-b0f7-041e5ef603c9,burry.dental,available,78.99,78.99,medium,low,5,namesilo,,,08/08/2026 17:29
eb89b270-b96e-448e-8592-e22500a0cfd3,depleted.dental,available,78.99,78.99,medium,low,8,namesilo,,,14/08/2026 02:23
dc736420-ef77-4cd3-9814-487ddc4f7c0d,pencilled.dental,available,78.99,78.99,medium,low,9,namesilo,,,08/09/2026 13:59
607d0a0c-1335-4802-9feb-7e782c64a412,wilkes.dental,available,78.99,78.99,medium,low,6,namesilo,,,27/09/2026 12:29
6da4d25f-06cc-48e2-8473-0b35bc5c6c7e,feudal.dental,available,78.99,78.99,medium,low,6,namesilo,,,18/08/2026 02:58
d39d0303-9c4b-4c0e-8c26-3deeefdca3a9,scrutinize.dental,available,88.99,94.99,high,low,10,name.com,,,21/09/2026 03:06
a8606ea2-5692-466c-9b97-da926efb5b39,geographic.dental,available,78.99,78.99,high,low,10,namesilo,,,18/08/2026 22:27
6a8fc2b0-db61-4ed0-ba45-1aad165a80b0,alvarado.dental,available,78.99,78.99,medium,low,8,namesilo,,,28/09/2026 16:06
bd0ddb41-997c-479c-9a6e-3263f321d523,rotated.dental,available,78.99,78.99,medium,low,7,namesilo,,,27/09/2026 14:36
4d4a8363-6f9c-44f8-9ced-e9868dce741e,evacuation.dental,available,62.3,62.3,high,low,10,spaceship,,,28/09/2026 09:36
7eac65dc-b080-4206-aaa7-05341f406f19,woolley.dental,available,62.3,62.3,medium,low,7,spaceship,,,29/09/2026 20:22
68e9ad5b-d363-470c-b5b6-536bbef5b8fa,unsociable.dental,available,81.98,100.98,medium,low,10,namecheap,,,12/09/2026 20:09
ac1c8943-bc21-43a7-9d4c-87ddbe9d8eed,isn.dental,available,119.99,119.99,high,low,3,godaddy,,,30/09/2026 02:01
f606db4b-c32d-435f-904c-81a8a51261ed,stewardess.dental,available,81.98,100.98,high,low,10,namecheap,,,17/09/2026 22:26
96432406-7de1-43be-8505-0bc7325c428c,heidelberg.dental,available,78.99,78.99,high,low,10,namesilo,,,25/09/2026 16:09
28900949-f60c-4486-883c-7821f9af6956,acanthus.dental,available,81.98,100.98,medium,low,8,namecheap,,,16/09/2026 21:02
4812f110-d161-4e55-bd84-23b809924e25,tacitly.dental,available,78.99,78.99,medium,low,7,namesilo,,,16/09/2026 07:43
0916d724-786b-4828-8f9b-34b10ef262a7,semiotical.dental,available,78.99,78.99,medium,low,10,namesilo,,,10/09/2026 03:15
d2c00653-947b-4ccc-b176-b461497c6c4b,alkaloid.dental,available,78.99,78.99,high,low,8,namesilo,,,18/09/2026 08:21
a4de58d0-3786-42c4-860f-c8e0dbcc7421,stocky.dental,available,78.99,78.99,medium,low,6,namesilo,,,21/08/2026 05:33
2a549544-b01b-4cd1-a5d7-95a6cfd8f9bf,defective.dental,available,78.99,78.99,medium,low,9,namesilo,,,13/08/2026 23:06
45a384a3-67e0-437e-89e5-bec67c9e6d45,jurisdiction.dental,available,78.99,78.99,high,low,12,namesilo,,,28/09/2026 22:34
69c4c966-b0c2-4409-9c2e-34aed21ffb26,elisabeth.dental,available,78.99,78.99,high,low,9,namesilo,,,25/09/2026 14:58
6e55ec8d-96c4-4617-b93d-17ec6353e1c8,quantal.dental,available,78.99,78.99,medium,low,7,namesilo,,,09/09/2026 07:28
0969f419-e50b-42ac-8207-4ad8ddbc56fe,exemption.dental,available,62.3,62.3,high,low,9,spaceship,,,30/09/2026 17:15
474a528b-2ad2-4101-a703-2d7b74c1f916,salubrious.dental,available,78.99,78.99,high,low,10,namesilo,,,20/08/2026 16:33
4be011e2-865c-480d-a432-d689f4c6d35b,hostess.dental,available,81.98,100.98,high,low,7,namecheap,,,17/09/2026 22:27
9432a951-ad92-49e7-bc2e-ad291535e9c2,leftish.dental,available,78.99,78.99,medium,low,7,namesilo,,,22/08/2026 22:47
08f846a8-3872-469c-b59d-fe5c710021bb,month.dental,available,62.3,62.3,high,low,5,spaceship,,,29/09/2026 05:48
7e51d8d6-eace-4834-8089-4f936d4816f2,stringent.dental,available,78.99,78.99,medium,low,9,namesilo,,,10/09/2026 22:40
b983cf46-2d20-4f35-822b-846b6acdea06,ambrosia.dental,available,78.99,78.99,high,low,8,namesilo,,,18/09/2026 17:26
ea68d9e2-0928-4a22-abfb-fbfbb808cc04,foresight.dental,available,78.99,78.99,high,low,9,namesilo,,,01/10/2026 02:12
d83b74b5-a32b-4352-b57a-e18c27f0a29a,astrogator.dental,available,78.99,78.99,medium,low,10,namesilo,,,20/09/2026 17:41
2a2a740d-3d84-4c59-847a-72a6622304c7,thumb.dental,available,81.98,100.98,high,low,5,namecheap,,,25/09/2026 22:48
7dc266d6-aa70-4636-bc3f-9b9de7aab3aa,gayly.dental,available,78.99,78.99,medium,low,5,namesilo,,,14/09/2026 00:29
87c26556-f7bd-48e6-bb98-c7a928bf7ce5,clout.dental,available,78.99,78.99,high,low,5,namesilo,,,23/09/2026 13:48
168aec54-27bf-413c-9258-7e8135c970c4,laminar.dental,available,81.98,100.98,high,low,7,namecheap,,,22/08/2026 19:07
7e2115a9-e3d0-4e59-8adf-8c50c189e0e1,cemetery.dental,available,62.3,62.3,high,low,8,spaceship,,,27/09/2026 12:06
09139583-9e3e-415e-a62d-a03b631debab,beechnut.dental,available,78.99,78.99,medium,low,8,namesilo,,,23/09/2026 00:13
ffa845e8-d79f-4085-884e-fe501c8480b4,asdic.dental,available,78.99,78.99,medium,low,5,namesilo,,,20/09/2026 13:30
328a9e9d-aa32-40d8-b5a8-0bad10610495,externally.dental,available,78.99,78.99,medium,low,10,namesilo,,,14/09/2026 17:11
05b8138a-a55b-4cea-a0b1-23668df7218b,bema.dental,available,78.99,78.99,high,low,4,namesilo,,,23/09/2026 07:15
de1479c8-8f30-4794-92c7-1ed158dbcaa3,catkinate.dental,available,78.99,78.99,medium,low,9,namesilo,,,11/08/2026 22:09